state,era,use_group,properties,avg_sqft,median_value
AL,unknown,Commercial,148427,5644,16602
AL,pre-1960,Commercial,101026,3320,70030
AL,1980-99,Commercial,91771,7640,324199
AL,1960-79,Commercial,71046,6557,204841
AL,2000-09,Commercial,44763,9871,497678
AL,2010+,Commercial,29388,9019,687345
AL,1980-99,INDUSTRIAL,14464,22705,370512
AL,1960-79,INDUSTRIAL,10941,23931,282833
AL,pre-1960,INDUSTRIAL,8758,12085,115742
AL,unknown,INDUSTRIAL,8371,12379,68480
AL,2000-09,INDUSTRIAL,7156,29694,483779
AL,2010+,INDUSTRIAL,4734,37491,708597
AK,unknown,Commercial,20658,2577,154123
AK,1980-99,Commercial,10640,10501,429542
AK,1960-79,Commercial,9606,10325,459414
AK,2000-09,Commercial,4991,11137,508485
AK,2010+,Commercial,4381,9687,510636
AK,pre-1960,Commercial,3983,5262,321684
AK,unknown,INDUSTRIAL,2870,7203,92855
AK,1980-99,INDUSTRIAL,2798,10864,772915
AK,1960-79,INDUSTRIAL,2549,13573,969892
AK,2010+,INDUSTRIAL,1456,6318,227300
AK,2000-09,INDUSTRIAL,1136,8856,582811
AK,pre-1960,INDUSTRIAL,299,9766,624689
AZ,unknown,Commercial,81950,7568,89051
AZ,1980-99,Commercial,77560,15634,481810
AZ,2000-09,Commercial,66959,16768,491918
AZ,1960-79,Commercial,48878,8049,362657
AZ,pre-1960,Commercial,29978,4001,239805
AZ,1980-99,INDUSTRIAL,22523,20486,941450
AZ,2010+,Commercial,19472,35025,1400591
AZ,2000-09,INDUSTRIAL,18030,22650,448710
AZ,unknown,INDUSTRIAL,13545,14207,100144
AZ,1960-79,INDUSTRIAL,11755,15289,634945
AZ,2010+,INDUSTRIAL,7199,49486,246273
AZ,pre-1960,INDUSTRIAL,4825,9201,261487
AR,unknown,Commercial,114817,6971,52449
AR,1980-99,Commercial,29051,9887,283653
AR,1960-79,Commercial,21637,8565,168958
AR,2000-09,Commercial,18907,11606,483822
AR,pre-1960,Commercial,18701,5206,97121
AR,unknown,INDUSTRIAL,15672,16973,100946
AR,2010+,Commercial,11302,10501,644770
AR,1980-99,INDUSTRIAL,8974,19540,223713
AR,1960-79,INDUSTRIAL,6093,25300,160597
AR,2000-09,INDUSTRIAL,5261,16623,262344
AR,pre-1960,INDUSTRIAL,3690,14820,65369
AR,2010+,INDUSTRIAL,2938,21271,301389
CA,unknown,Commercial,467647,11232,
CA,pre-1960,Commercial,391851,5719,
CA,1960-79,Commercial,248904,11872,
CA,1980-99,Commercial,217878,17762,
CA,unknown,INDUSTRIAL,201099,22862,
CA,1980-99,INDUSTRIAL,118832,27667,
CA,1960-79,INDUSTRIAL,110427,23270,
CA,2000-09,Commercial,99801,16487,
CA,pre-1960,INDUSTRIAL,84522,15576,
CA,2000-09,INDUSTRIAL,50797,30667,
CA,2010+,Commercial,42413,22677,
CA,2010+,INDUSTRIAL,15913,83025,
CO,1980-99,Commercial,69119,28219,600945
CO,unknown,Commercial,59500,47413,62998
CO,1960-79,Commercial,54630,8512,488676
CO,pre-1960,Commercial,52404,4470,305885
CO,2000-09,Commercial,45203,12358,669408
CO,1980-99,INDUSTRIAL,27215,15703,672298
CO,2000-09,INDUSTRIAL,21452,10313,322488
CO,unknown,INDUSTRIAL,21003,71479,12935
CO,2010+,Commercial,20825,17935,1415400
CO,1960-79,INDUSTRIAL,20160,16540,771558
CO,2010+,INDUSTRIAL,13506,19091,388822
CO,pre-1960,INDUSTRIAL,9380,8788,250457
CT,pre-1960,Commercial,70824,6080,
CT,unknown,Commercial,50094,17259,
CT,1980-99,Commercial,33442,13058,
CT,1960-79,Commercial,31143,11102,
CT,unknown,INDUSTRIAL,15982,32591,
CT,1980-99,INDUSTRIAL,11402,18513,
CT,2000-09,Commercial,10059,15871,
CT,1960-79,INDUSTRIAL,9276,28797,
CT,pre-1960,INDUSTRIAL,8545,23239,
CT,2010+,Commercial,6607,19223,
CT,2000-09,INDUSTRIAL,3900,18009,
CT,2010+,INDUSTRIAL,1583,34238,
DE,unknown,Commercial,14761,7841,65831
DE,pre-1960,Commercial,6095,4066,36800
DE,1980-99,Commercial,4169,12292,116164
DE,1960-79,Commercial,3930,9692,82600
DE,2000-09,Commercial,1781,15695,72200
DE,1980-99,INDUSTRIAL,1268,19202,176000
DE,unknown,INDUSTRIAL,1138,3839,96044
DE,2010+,Commercial,1136,14541,96182
DE,pre-1960,INDUSTRIAL,894,7781,410500
DE,1960-79,INDUSTRIAL,889,13988,
DE,2000-09,INDUSTRIAL,362,26313,
DE,2010+,INDUSTRIAL,194,61158,
FL,unknown,Commercial,312776,14475,62551
FL,1980-99,Commercial,312430,11205,461245
FL,1960-79,Commercial,242262,7196,373513
FL,pre-1960,Commercial,217699,4330,299597
FL,2000-09,Commercial,208460,9522,448917
FL,1980-99,INDUSTRIAL,109200,13859,499248
FL,unknown,INDUSTRIAL,101810,82531,31120
FL,2010+,Commercial,91099,15656,1087538
FL,2000-09,INDUSTRIAL,72109,11750,359953
FL,1960-79,INDUSTRIAL,67646,14359,635764
FL,pre-1960,INDUSTRIAL,29628,11039,404242
FL,2010+,INDUSTRIAL,23801,33172,622014
GA,unknown,Commercial,175172,9566,63258
GA,1980-99,Commercial,155604,12374,422857
GA,pre-1960,Commercial,120267,4512,155644
GA,1960-79,Commercial,107294,8959,242653
GA,2000-09,Commercial,96285,11701,551268
GA,1980-99,INDUSTRIAL,40945,29732,535499
GA,2010+,Commercial,39089,16018,1013904
GA,unknown,INDUSTRIAL,29416,26977,95551
GA,1960-79,INDUSTRIAL,26697,32390,418254
GA,2000-09,INDUSTRIAL,20697,36536,612768
GA,pre-1960,INDUSTRIAL,14959,16090,117825
GA,2010+,INDUSTRIAL,10121,69690,853034
HI,unknown,Commercial,16865,877,371359
HI,1960-79,Commercial,14176,12482,827428
HI,1980-99,Commercial,13666,11724,630777
HI,unknown,INDUSTRIAL,13179,245129,
HI,pre-1960,Commercial,8574,6242,1107440
HI,1960-79,INDUSTRIAL,3474,13868,2660473
HI,1980-99,INDUSTRIAL,3427,12209,1850133
HI,2000-09,Commercial,3107,15617,2157916
HI,2010+,Commercial,2990,14752,2217595
HI,pre-1960,INDUSTRIAL,2478,8903,845788
HI,2000-09,INDUSTRIAL,1282,17733,2115533
HI,2010+,INDUSTRIAL,838,17502,3250552
ID,unknown,Commercial,74159,5075,163011
ID,pre-1960,Commercial,16841,6199,301375
ID,1980-99,Commercial,16552,14088,678652
ID,2000-09,Commercial,15307,9519,660562
ID,1960-79,Commercial,13425,9611,463748
ID,2010+,Commercial,9713,13946,853294
ID,unknown,INDUSTRIAL,7083,23540,220343
ID,1980-99,INDUSTRIAL,3095,12871,523455
ID,2000-09,INDUSTRIAL,2408,11305,648977
ID,1960-79,INDUSTRIAL,2177,12049,367930
ID,2010+,INDUSTRIAL,1817,17072,733715
ID,pre-1960,INDUSTRIAL,1425,9844,223804
IL,unknown,Commercial,418725,8606,78727
IL,pre-1960,Commercial,107671,9048,180915
IL,unknown,INDUSTRIAL,81156,54137,85489
IL,1980-99,Commercial,78044,19047,306578
IL,1960-79,Commercial,76166,16611,205762
IL,2000-09,Commercial,44263,13396,378113
IL,1960-79,INDUSTRIAL,32053,30664,390740
IL,1980-99,INDUSTRIAL,28345,36796,492004
IL,pre-1960,INDUSTRIAL,22008,34856,245820
IL,2000-09,INDUSTRIAL,12952,42247,332552
IL,2010+,Commercial,7699,16422,741205
IL,2010+,INDUSTRIAL,1511,52138,455738
IN,pre-1960,Commercial,110442,7387,86223
IN,unknown,Commercial,85065,8555,10704
IN,1980-99,Commercial,81062,12318,247145
IN,1960-79,Commercial,79236,11476,143190
IN,2000-09,Commercial,38737,14639,467707
IN,2010+,Commercial,26340,13950,637592
IN,unknown,INDUSTRIAL,25626,9298,11346
IN,1980-99,INDUSTRIAL,23491,32978,398160
IN,1960-79,INDUSTRIAL,18551,34463,275769
IN,pre-1960,INDUSTRIAL,14778,33338,144437
IN,2000-09,INDUSTRIAL,10213,41081,454148
IN,2010+,INDUSTRIAL,8054,51885,818637
IA,unknown,Commercial,170213,12778,16137
IA,pre-1960,Commercial,66315,4913,83168
IA,1960-79,Commercial,32122,8494,224019
IA,1980-99,Commercial,27936,10878,376821
IA,1980-99,INDUSTRIAL,22246,11472,174624
IA,1960-79,INDUSTRIAL,21324,11711,134425
IA,unknown,INDUSTRIAL,20275,14252,554467
IA,2000-09,Commercial,19085,14594,493402
IA,2010+,INDUSTRIAL,17143,11946,240487
IA,pre-1960,INDUSTRIAL,16716,8583,49342
IA,2010+,Commercial,14891,13642,911950
IA,2000-09,INDUSTRIAL,13318,11007,198434
KS,unknown,Commercial,57437,19230,21578
KS,pre-1960,Commercial,54242,4702,68147
KS,1960-79,Commercial,30540,9297,199436
KS,1980-99,Commercial,30200,13449,425085
KS,unknown,INDUSTRIAL,19227,69821,20244
KS,1980-99,INDUSTRIAL,16700,14706,232460
KS,2000-09,Commercial,15676,14899,722932
KS,1960-79,INDUSTRIAL,14877,15528,169563
KS,2010+,Commercial,11967,15900,985388
KS,pre-1960,INDUSTRIAL,10710,9041,62409
KS,2000-09,INDUSTRIAL,7082,16161,266872
KS,2010+,INDUSTRIAL,6432,30045,210065
KY,unknown,Commercial,162073,7300,94647
KY,1980-99,Commercial,37539,14791,269853
KY,pre-1960,Commercial,34184,6770,165417
KY,1960-79,Commercial,26001,10078,207260
KY,2000-09,Commercial,21308,15219,350725
KY,unknown,INDUSTRIAL,9842,17592,70923
KY,2010+,Commercial,6594,44081,519591
KY,1980-99,INDUSTRIAL,5890,36334,555883
KY,1960-79,INDUSTRIAL,3753,31480,418264
KY,pre-1960,INDUSTRIAL,3284,29527,267207
KY,2000-09,INDUSTRIAL,1993,46643,592631
KY,2010+,INDUSTRIAL,696,38919,433070
LA,unknown,Commercial,246702,9189,57243
LA,1980-99,Commercial,30466,11966,228996
LA,unknown,INDUSTRIAL,28838,14226,78857
LA,2000-09,Commercial,20439,11313,402046
LA,pre-1960,Commercial,19700,7100,189575
LA,2010+,Commercial,17204,8148,336623
LA,1960-79,Commercial,16647,10690,144400
LA,1980-99,INDUSTRIAL,6055,12504,153732
LA,1960-79,INDUSTRIAL,4653,11448,119014
LA,pre-1960,INDUSTRIAL,4262,8057,104062
LA,2000-09,INDUSTRIAL,3687,10414,162379
LA,2010+,INDUSTRIAL,3318,8660,180627
ME,unknown,Commercial,30217,4751,
ME,pre-1960,Commercial,22174,6257,
ME,1980-99,Commercial,12081,10219,
ME,1960-79,Commercial,9528,9373,
ME,2000-09,Commercial,5894,11036,
ME,unknown,INDUSTRIAL,5021,12672,
ME,2010+,Commercial,3976,10566,
ME,1980-99,INDUSTRIAL,1709,21690,
ME,1960-79,INDUSTRIAL,1163,28136,
ME,pre-1960,INDUSTRIAL,1000,29432,
ME,2000-09,INDUSTRIAL,821,17324,
ME,2010+,INDUSTRIAL,607,12175,
MD,unknown,Commercial,59673,5939,151368
MD,pre-1960,Commercial,47917,4340,290616
MD,1980-99,Commercial,28170,14298,545040
MD,1960-79,Commercial,20689,11605,603352
MD,unknown,INDUSTRIAL,16833,17966,120969
MD,2000-09,Commercial,12045,18966,1072594
MD,1980-99,INDUSTRIAL,8613,26811,883585
MD,pre-1960,INDUSTRIAL,7529,16850,315562
MD,1960-79,INDUSTRIAL,6997,25814,905786
MD,2010+,Commercial,6889,23084,1695483
MD,2000-09,INDUSTRIAL,3428,33435,1000761
MD,2010+,INDUSTRIAL,1740,87541,2935650
MA,pre-1960,Commercial,172837,7117,
MA,unknown,Commercial,95945,10848,
MA,1980-99,Commercial,79207,12044,
MA,1960-79,Commercial,67692,11667,
MA,unknown,INDUSTRIAL,28128,43628,
MA,2000-09,Commercial,24337,16444,
MA,1980-99,INDUSTRIAL,21360,27209,
MA,2010+,Commercial,18405,25998,
MA,pre-1960,INDUSTRIAL,15045,33342,
MA,1960-79,INDUSTRIAL,13699,35886,
MA,2000-09,INDUSTRIAL,6230,26200,
MA,2010+,INDUSTRIAL,3551,49605,
MI,unknown,Commercial,460659,9278,89430
MI,pre-1960,Commercial,132624,7054,159153
MI,unknown,INDUSTRIAL,89220,31332,84921
MI,1960-79,Commercial,70231,13871,329651
MI,1980-99,Commercial,57224,17753,543532
MI,2000-09,Commercial,29266,17152,658748
MI,pre-1960,INDUSTRIAL,21681,28055,217719
MI,1980-99,INDUSTRIAL,20355,36105,815090
MI,1960-79,INDUSTRIAL,19811,30941,494180
MI,2010+,Commercial,11590,20857,830615
MI,2000-09,INDUSTRIAL,6920,35888,735520
MI,2010+,INDUSTRIAL,4268,44509,683031
MN,unknown,Commercial,123316,7062,51827
MN,pre-1960,Commercial,60960,11800,221792
MN,1980-99,Commercial,41436,20399,509078
MN,1960-79,Commercial,34095,17899,395879
MN,unknown,INDUSTRIAL,30263,15826,43490
MN,2000-09,Commercial,26994,17144,511617
MN,1980-99,INDUSTRIAL,15920,32449,1016045
MN,2010+,Commercial,13606,32900,893264
MN,1960-79,INDUSTRIAL,13503,40816,887859
MN,pre-1960,INDUSTRIAL,8026,35120,361976
MN,2000-09,INDUSTRIAL,7998,19253,477783
MN,2010+,INDUSTRIAL,4964,24032,515678
MS,1980-99,Commercial,39864,8708,208701
MS,1960-79,Commercial,36924,5907,112672
MS,pre-1960,Commercial,32502,3758,65370
MS,2000-09,Commercial,20650,10309,357838
MS,unknown,Commercial,19674,4631,32851
MS,2010+,Commercial,13849,9187,419119
MS,1980-99,INDUSTRIAL,7597,19193,192520
MS,1960-79,INDUSTRIAL,6517,20556,147170
MS,unknown,INDUSTRIAL,4724,13608,26683
MS,2000-09,INDUSTRIAL,3401,26525,246244
MS,pre-1960,INDUSTRIAL,2910,13728,69761
MS,2010+,INDUSTRIAL,1748,58583,311071
MO,unknown,Commercial,159644,14202,40473
MO,pre-1960,Commercial,81563,4505,84611
MO,1980-99,Commercial,60547,11868,305938
MO,1960-79,Commercial,46395,7952,185589
MO,2000-09,Commercial,32124,14692,530751
MO,2010+,Commercial,19518,13192,628779
MO,pre-1960,INDUSTRIAL,16043,15507,113894
MO,1980-99,INDUSTRIAL,14853,17672,280651
MO,1960-79,INDUSTRIAL,11426,18554,226156
MO,unknown,INDUSTRIAL,11379,18109,35099
MO,2000-09,INDUSTRIAL,7194,25026,319767
MO,2010+,INDUSTRIAL,4283,28621,363863
MT,unknown,Commercial,32925,1323,89018
MT,pre-1960,Commercial,30012,5331,252322
MT,1960-79,Commercial,22139,7414,408233
MT,1980-99,Commercial,18752,7983,537768
MT,2000-09,Commercial,11429,8997,691856
MT,2010+,Commercial,10358,9337,793298
MT,unknown,INDUSTRIAL,6902,1135,
MT,1980-99,INDUSTRIAL,2149,9240,536539
MT,2000-09,INDUSTRIAL,1573,8316,451999
MT,2010+,INDUSTRIAL,1488,13222,1001331
MT,1960-79,INDUSTRIAL,974,15670,625698
MT,pre-1960,INDUSTRIAL,569,12983,350921
NE,unknown,Commercial,44029,11129,27142
NE,pre-1960,Commercial,35013,5201,85274
NE,1960-79,Commercial,21953,8905,235891
NE,1980-99,Commercial,20487,12065,395671
NE,2000-09,Commercial,11978,13059,615839
NE,2010+,Commercial,11830,14444,722402
NE,pre-1960,INDUSTRIAL,10135,8380,49242
NE,1980-99,INDUSTRIAL,7546,12761,251599
NE,1960-79,INDUSTRIAL,7062,17513,211764
NE,2010+,INDUSTRIAL,4732,12564,333551
NE,unknown,INDUSTRIAL,4506,10169,57423
NE,2000-09,INDUSTRIAL,4319,13545,345119
NV,1980-99,Commercial,29136,16616,476235
NV,unknown,Commercial,26578,5943,59292
NV,unknown,INDUSTRIAL,25272,213300,11752
NV,1960-79,Commercial,22946,10227,159704
NV,2000-09,Commercial,18758,17093,1023958
NV,pre-1960,Commercial,13791,4227,190561
NV,1980-99,INDUSTRIAL,9506,25393,665013
NV,2000-09,INDUSTRIAL,7703,27596,623865
NV,2010+,Commercial,6193,17398,1567032
NV,1960-79,INDUSTRIAL,4197,21687,535902
NV,2010+,INDUSTRIAL,2746,80437,1759180
NV,pre-1960,INDUSTRIAL,1257,7026,248539
NH,pre-1960,Commercial,32342,5576,
NH,1980-99,Commercial,24414,8894,
NH,unknown,Commercial,23973,6341,
NH,1960-79,Commercial,15070,8615,
NH,2000-09,Commercial,8933,12391,
NH,1980-99,INDUSTRIAL,7312,14879,
NH,2010+,Commercial,5467,13795,
NH,unknown,INDUSTRIAL,3715,768,
NH,1960-79,INDUSTRIAL,2752,31912,
NH,2000-09,INDUSTRIAL,2418,14897,
NH,pre-1960,INDUSTRIAL,1672,25945,
NH,2010+,INDUSTRIAL,851,28383,
NJ,unknown,Commercial,212034,190258,366025
NJ,pre-1960,Commercial,156980,6107,395786
NJ,1960-79,Commercial,50509,9928,553192
NJ,1980-99,Commercial,39675,118626,592905
NJ,unknown,INDUSTRIAL,31375,54144,831181
NJ,2000-09,Commercial,18836,16097,1021970
NJ,1960-79,INDUSTRIAL,11711,31490,1542630
NJ,pre-1960,INDUSTRIAL,11254,25302,753231
NJ,2010+,Commercial,7734,8911,987834
NJ,1980-99,INDUSTRIAL,7068,36985,1842127
NJ,2000-09,INDUSTRIAL,2341,38194,2094856
NJ,2010+,INDUSTRIAL,790,63425,4340725
NM,unknown,Commercial,38488,5595,127298
NM,1980-99,Commercial,13172,17932,363278
NM,1960-79,Commercial,12760,19820,232209
NM,pre-1960,Commercial,9951,4463,151994
NM,2000-09,Commercial,7295,11313,494787
NM,1980-99,INDUSTRIAL,4853,14137,401120
NM,1960-79,INDUSTRIAL,4038,9974,282698
NM,unknown,INDUSTRIAL,3790,6203,195745
NM,2010+,Commercial,3748,11249,774087
NM,2000-09,INDUSTRIAL,2392,14569,507827
NM,pre-1960,INDUSTRIAL,1941,8109,204703
NM,2010+,INDUSTRIAL,826,25715,601153
NY,pre-1960,Commercial,341186,10106,706774
NY,unknown,Commercial,199268,16812,52939
NY,1960-79,Commercial,87095,17018,364247
NY,1980-99,Commercial,71405,16090,486766
NY,unknown,INDUSTRIAL,65820,16790,45103
NY,2000-09,Commercial,47551,12981,315781
NY,pre-1960,INDUSTRIAL,42687,19807,492961
NY,2010+,Commercial,41413,21376,368322
NY,1960-79,INDUSTRIAL,25881,22770,517423
NY,1980-99,INDUSTRIAL,19947,20700,559715
NY,2000-09,INDUSTRIAL,8394,21167,538701
NY,2010+,INDUSTRIAL,4805,37941,722281
NC,unknown,Commercial,130032,10643,54315
NC,1980-99,Commercial,107516,10266,411036
NC,pre-1960,Commercial,99793,4635,165442
NC,1960-79,Commercial,77048,7883,273571
NC,2000-09,Commercial,59481,11255,626778
NC,1980-99,INDUSTRIAL,33216,25015,542511
NC,2010+,Commercial,27198,16218,1278989
NC,unknown,INDUSTRIAL,25460,50951,68921
NC,1960-79,INDUSTRIAL,22700,29890,436153
NC,pre-1960,INDUSTRIAL,17644,18051,183724
NC,2000-09,INDUSTRIAL,15587,20696,490746
NC,2010+,INDUSTRIAL,8318,42063,847861
ND,unknown,Commercial,149941,10582,12731
ND,1980-99,Commercial,3163,13594,672972
ND,1960-79,Commercial,3133,12086,471420
ND,pre-1960,Commercial,3095,7092,202650
ND,2010+,Commercial,2384,14908,991050
ND,2010+,INDUSTRIAL,2063,5546,199972
ND,2000-09,Commercial,1612,16330,1020164
ND,1980-99,INDUSTRIAL,1163,11029,440415
ND,2000-09,INDUSTRIAL,945,9428,309317
ND,1960-79,INDUSTRIAL,892,15800,444331
ND,pre-1960,INDUSTRIAL,494,11481,193949
ND,unknown,INDUSTRIAL,459,5958,70820
OH,unknown,Commercial,533509,6485,13800
OH,pre-1960,Commercial,292306,5285,86715
OH,unknown,INDUSTRIAL,143718,20136,10780
OH,1960-79,Commercial,139676,9976,195436
OH,1980-99,Commercial,130330,12789,342098
OH,pre-1960,INDUSTRIAL,64094,17307,111579
OH,2000-09,Commercial,56487,14767,509982
OH,1980-99,INDUSTRIAL,42885,27192,451023
OH,1960-79,INDUSTRIAL,41474,24208,306615
OH,2010+,Commercial,29755,20159,692879
OH,2000-09,INDUSTRIAL,16190,29753,343654
OH,2010+,INDUSTRIAL,8396,62009,520792
OK,unknown,Commercial,78275,4880,26219
OK,pre-1960,Commercial,43207,4326,97852
OK,1980-99,Commercial,41102,8507,275631
OK,1960-79,Commercial,37899,7409,179126
OK,2000-09,Commercial,20698,9375,552350
OK,2010+,Commercial,17054,9085,746581
OK,1980-99,INDUSTRIAL,14410,14241,310837
OK,1960-79,INDUSTRIAL,12550,15929,273415
OK,pre-1960,INDUSTRIAL,8517,9076,109223
OK,2000-09,INDUSTRIAL,6714,15867,427386
OK,2010+,INDUSTRIAL,5572,18862,523471
OK,unknown,INDUSTRIAL,1468,9780,360039
OR,unknown,Commercial,115934,8563,244861
OR,pre-1960,Commercial,63917,5897,462160
OR,unknown,INDUSTRIAL,43426,23638,375645
OR,1960-79,Commercial,41887,8283,566356
OR,1980-99,Commercial,36986,12980,707175
OR,2000-09,Commercial,31098,13767,178908
OR,2010+,Commercial,10955,17134,839970
OR,1980-99,INDUSTRIAL,10330,19366,1165283
OR,1960-79,INDUSTRIAL,9132,16405,1112224
OR,pre-1960,INDUSTRIAL,8497,14049,961687
OR,2000-09,INDUSTRIAL,5583,18833,999356
OR,2010+,INDUSTRIAL,3976,33980,1359047
PA,unknown,Commercial,354797,9446,70466
PA,pre-1960,Commercial,197633,5435,145543
PA,unknown,INDUSTRIAL,76338,31864,105472
PA,1960-79,Commercial,54791,11988,245522
PA,1980-99,Commercial,51235,14381,298913
PA,pre-1960,INDUSTRIAL,27848,20022,191537
PA,2000-09,Commercial,18513,18246,510690
PA,1960-79,INDUSTRIAL,15635,27747,450408
PA,1980-99,INDUSTRIAL,13509,30570,513017
PA,2010+,Commercial,11776,19739,664598
PA,2000-09,INDUSTRIAL,4918,44685,612523
PA,2010+,INDUSTRIAL,3507,72309,650076
RI,pre-1960,Commercial,21242,4877,
RI,unknown,Commercial,15067,3786,
RI,1980-99,Commercial,11229,7442,
RI,1960-79,Commercial,9404,8717,
RI,2000-09,Commercial,3037,12005,
RI,pre-1960,INDUSTRIAL,2470,29422,
RI,1980-99,INDUSTRIAL,2291,12618,
RI,1960-79,INDUSTRIAL,2015,26109,
RI,2010+,Commercial,1829,12080,
RI,unknown,INDUSTRIAL,1623,,
RI,2000-09,INDUSTRIAL,1057,10647,
RI,2010+,INDUSTRIAL,270,13738,
SC,unknown,Commercial,159103,45870,105252
SC,1980-99,Commercial,82855,12903,354969
SC,1960-79,Commercial,54024,8029,224392
SC,pre-1960,Commercial,49663,4565,118684
SC,2000-09,Commercial,35256,10850,661488
SC,2010+,Commercial,16776,12708,1093788
SC,unknown,INDUSTRIAL,14396,22323,252874
SC,1980-99,INDUSTRIAL,12973,18129,398615
SC,1960-79,INDUSTRIAL,5828,23954,281762
SC,2000-09,INDUSTRIAL,4560,20921,469412
SC,pre-1960,INDUSTRIAL,2655,23514,130300
SC,2010+,INDUSTRIAL,2357,41642,628264
SD,unknown,Commercial,51241,9689,15384
SD,pre-1960,Commercial,10809,4981,33775
SD,1980-99,Commercial,9509,9829,62399
SD,1960-79,Commercial,8405,8251,68235
SD,2000-09,Commercial,5056,84676,113975
SD,2010+,Commercial,3871,10761,274861
SD,1980-99,INDUSTRIAL,1656,13279,
SD,2010+,INDUSTRIAL,1253,11683,
SD,unknown,INDUSTRIAL,1215,15706,
SD,1960-79,INDUSTRIAL,1127,14044,
SD,2000-09,INDUSTRIAL,917,14562,
SD,pre-1960,INDUSTRIAL,713,11303,
TN,1980-99,Commercial,84738,11268,395647
TN,unknown,Commercial,73867,9437,69661
TN,pre-1960,Commercial,72184,5594,139607
TN,1960-79,Commercial,66314,9479,255884
TN,2000-09,Commercial,45488,12179,551632
TN,2010+,Commercial,28324,15561,969971
TN,1980-99,INDUSTRIAL,17635,39453,597716
TN,1960-79,INDUSTRIAL,15088,37001,489608
TN,pre-1960,INDUSTRIAL,10437,24149,184711
TN,2000-09,INDUSTRIAL,7619,41825,587236
TN,2010+,INDUSTRIAL,4445,79194,1066335
TN,unknown,INDUSTRIAL,2684,68011,129778
TX,unknown,Commercial,1078353,18912,7531
TX,1980-99,Commercial,384967,14334,418546
TX,1960-79,Commercial,277386,10597,287362
TX,2000-09,Commercial,248758,14727,672839
TX,2010+,Commercial,242968,16369,878012
TX,pre-1960,Commercial,237034,5656,176528
TX,unknown,INDUSTRIAL,95196,42781,3604
TX,1980-99,INDUSTRIAL,77724,25035,735714
TX,1960-79,INDUSTRIAL,69493,21346,589415
TX,2010+,INDUSTRIAL,42981,43548,1054934
TX,2000-09,INDUSTRIAL,40544,29690,923256
TX,pre-1960,INDUSTRIAL,25812,17346,293423
UT,unknown,Commercial,46906,10924,163276
UT,1980-99,Commercial,33437,10933,537780
UT,2000-09,Commercial,20407,21061,857741
UT,pre-1960,Commercial,18562,5493,477012
UT,2010+,Commercial,16686,17421,1344228
UT,1960-79,Commercial,15751,9981,635362
UT,unknown,INDUSTRIAL,10545,96159,256339
UT,1980-99,INDUSTRIAL,9597,22167,1302426
UT,1960-79,INDUSTRIAL,7410,19394,1033255
UT,2000-09,INDUSTRIAL,6468,19903,921748
UT,2010+,INDUSTRIAL,4856,44301,1750803
UT,pre-1960,INDUSTRIAL,2618,15626,674130
VT,unknown,Commercial,14409,6407,
VT,pre-1960,Commercial,8265,5109,
VT,1980-99,Commercial,3794,7365,
VT,1960-79,Commercial,2817,7666,
VT,unknown,INDUSTRIAL,2501,24989,
VT,2000-09,Commercial,1376,9200,
VT,2010+,Commercial,850,14650,
VT,1980-99,INDUSTRIAL,721,18049,
VT,pre-1960,INDUSTRIAL,449,14084,
VT,1960-79,INDUSTRIAL,356,26195,
VT,2000-09,INDUSTRIAL,250,15891,
VT,2010+,INDUSTRIAL,121,16369,
VA,unknown,Commercial,130074,13849,86255
VA,1980-99,Commercial,78119,16536,489452
VA,pre-1960,Commercial,68605,8985,284775
VA,1960-79,Commercial,49541,14321,422986
VA,2000-09,Commercial,36510,16791,750006
VA,2010+,Commercial,15246,23243,1503055
VA,1980-99,INDUSTRIAL,14171,24007,607904
VA,unknown,INDUSTRIAL,13930,15822,64156
VA,1960-79,INDUSTRIAL,8958,25989,650447
VA,pre-1960,INDUSTRIAL,6632,18431,333363
VA,2000-09,INDUSTRIAL,6532,21222,594859
VA,2010+,INDUSTRIAL,2172,60185,2435146
WA,unknown,Commercial,74832,6951,124249
WA,pre-1960,Commercial,68572,6111,457853
WA,1980-99,Commercial,51519,20030,926439
WA,1960-79,Commercial,48216,9312,633929
WA,unknown,INDUSTRIAL,27154,23369,34558
WA,2000-09,Commercial,23874,20201,1239453
WA,1980-99,INDUSTRIAL,15711,27617,1426129
WA,2010+,Commercial,15665,22735,1272561
WA,1960-79,INDUSTRIAL,13366,19622,1050669
WA,pre-1960,INDUSTRIAL,9668,14828,654230
WA,2000-09,INDUSTRIAL,7572,27888,1149612
WA,2010+,INDUSTRIAL,5639,37325,1452114
WV,unknown,Commercial,145780,5775,52864
WV,unknown,INDUSTRIAL,27356,4378,111404
WV,pre-1960,Commercial,9263,4466,86183
WV,1960-79,Commercial,2452,5245,139135
WV,1980-99,Commercial,2158,6238,181938
WV,pre-1960,INDUSTRIAL,1377,8133,119152
WV,1980-99,INDUSTRIAL,600,13365,158218
WV,1960-79,INDUSTRIAL,544,19293,151499
WV,2000-09,Commercial,412,3591,196322
WV,2000-09,INDUSTRIAL,142,25794,210933
WV,2010+,Commercial,139,1895,149011
WV,2010+,INDUSTRIAL,10,1411,61600
WI,unknown,Commercial,266558,12886,191784
WI,pre-1960,Commercial,38244,6857,200570
WI,unknown,INDUSTRIAL,19272,19164,613421
WI,1980-99,Commercial,18996,16270,638448
WI,1960-79,Commercial,18079,12688,433169
WI,2000-09,Commercial,8977,21189,951543
WI,pre-1960,INDUSTRIAL,3791,28258,242322
WI,2010+,Commercial,3355,32836,1787640
WI,1980-99,INDUSTRIAL,3024,29202,666778
WI,1960-79,INDUSTRIAL,2908,29515,466692
WI,2000-09,INDUSTRIAL,1041,30333,730162
WI,2010+,INDUSTRIAL,463,36501,808718
WY,unknown,Commercial,14226,1816,70454
WY,pre-1960,Commercial,8618,4648,255808
WY,1980-99,Commercial,8087,15595,292616
WY,1960-79,Commercial,7236,7665,323113
WY,2000-09,Commercial,4543,13631,619441
WY,2010+,Commercial,2946,9299,842897
WY,1960-79,INDUSTRIAL,2688,14132,371165
WY,1980-99,INDUSTRIAL,2544,7351,366292
WY,2000-09,INDUSTRIAL,2459,13913,486180
WY,unknown,INDUSTRIAL,2031,10500,91601
WY,2010+,INDUSTRIAL,1571,9588,488296
WY,pre-1960,INDUSTRIAL,1145,6858,204052
