metric,canonical_key,label,unit,p10,p25,median,mean,p75,p90,n,n_unit,observation_n,observation_unit,definition,basis,note,breakdown_json,source,source_url,source_access,publisher,dataset_updated
sa_gross_margin_pct,service_agreement_gross_margin,Service agreement gross margin,percent,-30.4,20.5,37.9,,53.5,70.3,259,companies,,,Gross margin on recurring service-agreement (maintenance) revenue. n=259 companies with at least $10K in SA revenue.,contractors analyzed,"Below 25% calls for a cost and scope review. Pricing, covered work, cost allocation and customer mix are candidate explanations; the distribution does not identify a cause.",,The Level Index (contractor benchmark research),https://levelcfo.com/data/benchmarks/contractor.json,citation-text-only,Level,2026-10-07
sa_pull_through_pct,service_agreement_pull_through,Annual service agreement pull-through,percent,0.3,1.5,8.7,,29.6,93.4,386,companies,,,"Additional repair, replacement, and project revenue from service-agreement customers divided by annual service-agreement revenue. n=386 eligible companies.",386 companies with eligible annual agreement and follow-on revenue,"P90 includes relationship-driven project work attributed to service-agreement accounts, not only work discovered during maintenance visits. P75 is a distribution comparison point, not a proven attainable target. Company-level records are not published because the underlying roster is re-identifiable; this public file exposes only the aggregate distribution.",,The Level Index (contractor benchmark research),https://levelcfo.com/data/benchmarks/contractor.json,citation-text-only,Level,2026-10-07
sa_rev_per_employee_k,service_agreement_revenue_per_employee,Annual service agreement revenue per employee,thousand_usd_per_employee,5.9,11.4,28.5,,64.1,150.5,217,companies,,,"Annual service-agreement revenue divided by employee count. This is a directional Level engagement observation across 217 eligible companies, not a universal staffing target.",217 companies with eligible annual service-agreement revenue and employee counts,"Use the distribution as recurring-revenue intensity context. Trade mix, use of subcontractors, and which employees are included can materially change the ratio.",,The Level Index (directional contractor benchmark observation),https://levelcfo.com/data/benchmarks/contractor.json,citation-text-only,Level,2026-10-07
collection_rate_pct,collection_rate,Collection rate,percent,38.8,70.7,85.1,,92.7,96,464,companies,,,Cash collected as a share of billed revenue.,464 contractors analyzed,"A collection-rate difference describes billed revenue not converted to cash in the comparison. It is not automatically point-in-time A/R, recoverable cash, permanent loss or recurring profit. Reconcile invoice aging, credits and cutoff timing.",,The Level Index (contractor benchmark research),https://levelcfo.com/data/benchmarks/contractor.json,citation-text-only,Level,2026-10-07
billing_speed_days,billing_speed_days,Billing speed (days from work complete to invoice),days,,,1,,,30,733,companies,,,Days from job completion to invoice issued. Median is 1 day when progress billing is included (~25% of companies); among post-completion invoicers the adjusted median is 7 days.,,,,The Level Index (contractor benchmark research),https://levelcfo.com/data/benchmarks/contractor.json,citation-text-only,Level,2026-10-07
billing_capture_pct,billing_capture,Billing capture rate (hours invoiced / hours logged on jobs),percent,66.9,89.2,97.1,,100,102,963,companies,,,"Total hours invoiced to customers divided by total hours LOGGED ON JOBS. The denominator is job-assigned hours only, which is why the median is high. This is NOT technician utilization: Level's working range for utilization (65-80%) divides billable hours by TOTAL PAID hours, including drive time, admin, training, and idle time. Some recorded ratios exceed 100%; their causes are not measured here. Check billed-hour units, period alignment, job matching and logging completeness. A higher dollar rate alone does not increase an hours ratio. n=963 companies with at least 100 logged hours.",companies with 100+ logged hours,"State the denominator whenever this is cited. Without it the figure reads implausible, because readers compare it to utilization, which measures something else. First derived 2026-04-07 as 'billable hour ratio' (median 96.7%, n=654) and re-run to 97.1% on the larger n=963 cohort.",,The Level Index (contractor benchmark research),https://levelcfo.com/data/benchmarks/contractor.json,citation-text-only,Level,2026-10-07
quote_conversion_pct,quote_conversion_decided,Quote conversion rate (on decided quotes),percent,47.1,61,73.9,,83.2,90,794,companies,,,Won divided by (won + lost); excludes still-pending quotes. n=794 companies with at least 20 decided quotes. Distinct from all-quote conversion below.,,"Won divided by won plus lost for eligible decided quotes. Pending, draft and cancelled records are excluded. This distribution does not measure estimating effort or prove a conversion lift from a follow-up cadence.",,The Level Index (contractor benchmark research),https://levelcfo.com/data/benchmarks/contractor.json,citation-text-only,Level,2026-10-07
avg_bill_rate_usd_hr,average_bill_rate,Average billed labor rate by company,usd_per_hour,39,55,79,,116,148,1770,companies,,,"Company-level average billed labor rate across 1,770 contractors. The underlying rate-card field is used inconsistently, with some companies entering customer billing rates and others entering loaded cost or base wage, so this distribution describes mixed source fields, not independently comparable customer selling prices, wages or profitability.","1,770 companies with a calculated average billed labor rate","These are labor-component rates per technician hour, not the total customer invoice after trip charges, materials, equipment, and overhead markup.",,The Level Index (contractor benchmark research),https://levelcfo.com/data/benchmarks/contractor.json,citation-text-only,Level,2026-10-07
quote_conversion_all_pct,quote_conversion_all,Quote conversion rate (all quotes issued),percent,,28,38.1,,47.7,,794,companies,,,"Won divided by all quotes issued, including quotes that never reach a decision.",companies with 20+ quotes,"Won divided by all issued quotes includes pending opportunities and differs from decided conversion. Quote counts do not measure estimating hours, quote value or permanent lost revenue.",,The Level Index (contractor benchmark research),https://levelcfo.com/data/benchmarks/contractor.json,citation-text-only,Level,2026-10-07
days_to_convert,days_to_convert,Days to convert (winning quotes),days,,,2,,,,794,companies,,,"Days from quote sent to accepted, for quotes that convert.",,Recorded winning quotes have shorter decision/status intervals in this aggregate. Predictive strength and causal effects were not tested.,,The Level Index (contractor benchmark research),https://levelcfo.com/data/benchmarks/contractor.json,citation-text-only,Level,2026-10-07
days_to_loss,days_to_loss,Days to loss (lost quotes),days,,,29,,,165,794,companies,,,"Days from quote sent to marked lost, for quotes that do not convert.",,The median recorded days-to-loss is 29; customer decision timing and status-update lag are not separated.,,The Level Index (contractor benchmark research),https://levelcfo.com/data/benchmarks/contractor.json,citation-text-only,Level,2026-10-07
customer_concentration_top1_pct,customer_concentration_top1,Revenue from largest single customer,percent,,18.5,31,,54.6,82.4,959,companies,,,Share of total revenue from the top 1 customer. n=959 companies with at least $100K in annual revenue.,companies with >$100K revenue,,,The Level Index (contractor benchmark research),https://levelcfo.com/data/benchmarks/contractor.json,citation-text-only,Level,2026-10-07
job_gross_margin_pct,job_gross_margin,Job-level gross margin,percent,10.8,28.4,44.3,,60.2,75.1,1791,companies,1747089,completed jobs,"Gross margin per completed job (revenue minus actual cost), across all job types. Measured per JOB across 1,747,089 completed jobs from 1,791 companies (Athena verification 2026-07-25). The prior n=430 was another metric's company count.",completed jobs analyzed,,,The Level Index (contractor benchmark research),https://levelcfo.com/data/benchmarks/contractor.json,citation-text-only,Level,2026-10-07
labor_hours_actual_vs_budget_pct,labor_hours_actual_vs_budget,Labor hours: actual as % of budgeted,percent,,70.1,99.4,119,131.1,,1391,companies,315393,jobs with budgeted and actual hours,"Actual labor hours ÷ budgeted labor hours per job. 100% = on budget; >100% = over. Measured across 315,393 jobs from 1,391 companies (Athena verification 2026-07-25).",jobs with both budgeted and actual hours,"Actual labor hours divided by budgeted hours. The median and mean differ because the distribution has a long tail. This is an hours ratio, not dollar cost; actual wage, overtime, burden, scope and posting completeness determine contribution effects.",,The Level Index (contractor benchmark research),https://levelcfo.com/data/benchmarks/contractor.json,citation-text-only,Level,2026-10-07
revenue_mix_labor_share_pct,revenue_mix_labor_share,Labor share of quoted revenue,percent,,16.7,29.1,,42.2,,,,,,"Labor as a share of quoted revenue (vs materials, equipment, subs). Median contractor is ~29% labor / ~33% materials, but variance is extreme. NOTE: sample size unverified. The prior n=430 was copied from another metric; this is measured on quoted revenue (quote-line data), not job_stats, so a job-level reproduction does not apply. Do not publish a sample size until re-derived.",quote line items (sample size unverified),"Revenue-mix distributions describe reported labor, materials, membership and equipment shares. They do not establish a margin, capacity or scalability effect.",,The Level Index (contractor benchmark research),https://levelcfo.com/data/benchmarks/contractor.json,citation-text-only,Level,2026-10-07
job_closeout_days,job_closeout_days,Job closeout lag (days),days,,,1.7,,9.6,35.8,,,555,completed jobs,Days from work complete to recorded financial job closeout. This status interval does not establish invoice or cash-collection timing.,completed jobs,,,The Level Index (contractor benchmark research),https://levelcfo.com/data/benchmarks/contractor.json,citation-text-only,Level,2026-10-07
seasonality_top3_months_pct,seasonality_top3_months,Revenue concentration in top 3 months,percent,,38.3,47.4,,66.1,91.1,217,companies,,,Share of annual revenue earned in the three strongest months.,companies with >$500K revenue,The median recorded revenue share in the three largest months is about 47%. Reported peak-month counts and cutoff windows require separate interpretation; no universal quarter pattern is established.,,The Level Index (contractor benchmark research),https://levelcfo.com/data/benchmarks/contractor.json,citation-text-only,Level,2026-10-07
quote_line_margin_by_cost_type_pct,quote_line_margin_by_cost_type,Quote-line gross margin by cost type,percent,,,,,,,,,2200000,quote line items,"Gross margin on quoted work, split by cost type (labor, materials, equipment, subcontractor), measured across 2.2M+ quote line items. Labor is the highest-margin cost type; subcontractor pass-through is the thinnest.",2.2M+ quote line items,"Recorded quote-line margin medians differ by cost type: labor 47.7%, materials 31.5%, equipment 25.5%, and subcontracted work 23.6%. These are quoted line-item observations, not realized job margins. They do not establish that changing service mix causes higher company profit; match selling prices, actual costs and the full job mix before drawing that conclusion.","{""labor"":47.7,""materials"":31.5,""equipment"":25.5,""subcontractor"":23.6}",The Level Index (contractor benchmark research),https://levelcfo.com/data/benchmarks/contractor.json,citation-text-only,Level,2026-10-07
bill_rate_by_role_usd_hr,bill_rate_by_role,Bill rate by role (rate-card field),usd_per_hour,,,,,,,,,18000,tracked employees,"Median rate-card rate by field role across 18,000+ tracked employees. The rate-card field is used inconsistently (some enter customer billing rates, others loaded cost or base wage), so neither the absolute level nor the spread establishes role-level pricing, wages or profitability without matching how each entry was used. Company-level avg bill rate median is $79/hr (n=1,770).","18,000+ field employees with tracked rate-card data","The largest single recorded step is technician to journeyman (about $54 to $76 in the mixed rate-card field). Wage, loaded cost and selling-price definitions are mixed; no spread over wage can be computed from this field.","{""helper"":34,""apprentice"":39,""technician"":54,""journeyman"":76,""mechanic"":75}",The Level Index (contractor benchmark research),https://levelcfo.com/data/benchmarks/contractor.json,citation-text-only,Level,2026-10-07
