trade,segment,topic,field,value_num,value_text,source,n_sources,confidence,derived,year,shared_across
hvac,residential,bad_debt,bad_debt_write_off_pct,0.1,,"Comfort Systems USA, Inc. 2024 Form 10-K, https://www.sec.gov",1,high-primary,false,2024,5
hvac,residential,bad_debt,collection_rate_pct,85.1,,"The Level Index: Contractor Invoice Benchmarks (corroborated by CFMA 2024 Financial Benchmarking Survey), 2026, https://levelcfo.com",1,low,false,2026,23
hvac,residential,cash_cycle_detail,dso_days,56.6,,"CFMA Construction Financial Benchmarker, 2024, https://cfma.org",1,med,false,2024,11
hvac,residential,cash_cycle_detail,dpo_days,41.5,,"Comfort Systems USA, Inc. Form 10-K (2023) - https://www.sec.gov/edgar/searchedgar/companysearch",1,adjudicated,false,2023,
hvac,residential,cash_cycle_detail,cash_conversion_cycle_days,20,,"Comfort Systems USA, Inc. Financial & Investor Disclosures (2025), https://www.comfortsystemsusa.com",2,adjudicated,false,2025,
hvac,residential,cost_structure,labor_pct_of_revenue,29.4,,"IBISWorld, Heating & Air-Conditioning Contractors in the US (NAICS 23822a) Cost Structure Benchmarks, 2019, https://www.ibisworld.com/united-states/market-research-reports/heating-air-conditioning-contractors-industry",1,high-primary,false,2019,5
hvac,residential,cost_structure,materials_pct_of_revenue,41.7,,"IBISWorld, Heating & Air-Conditioning Contractors in the US (NAICS 23822a) Cost Structure Benchmarks, 2019, https://www.ibisworld.com/united-states/market-research-reports/heating-air-conditioning-contractors-industry",1,high-primary,false,2019,6
hvac,residential,cost_structure,sga_overhead_pct,11,,"Comfort Systems USA, Inc. Form 10-K for the Fiscal Year Ended December 31, 2023, https://www.sec.gov/ix?doc=/Archives/edgar/data/0001035985/000103598524000014/fix-20231231.htm",2,high,false,2023,
hvac,residential,demand_drivers,installed_base_units,130000000,,"Carrier Global Corporation / ACHR News, 2026 (https://www.achrnews.com) and U.S. Energy Information Administration (EIA) Residential Energy Consumption Survey, 2020/2024 (https://www.eia.gov)",2,high,false,2026,
hvac,residential,margins,gross_margin_pct,22.4,,"CFMA Construction Financial Benchmarker (Specialty Trades Segment), 2024, https://cfma.org",2,high,false,2024,9
hvac,residential,margins,operating_margin_pct,5.4,,"IBISWorld Heating & Air-Conditioning Contractors in the US Report (NAICS 23822a), 2024, https://www.ibisworld.com/united-states/market-research-reports/heating-air-conditioning-contractors-industry",3,adjudicated,false,2024,
hvac,residential,productivity,revenue_per_employee_usd,252889,,"U.S. Census Bureau, 2022 Economic Census (NAICS 238220: Plumbing, Heating, and Air-Conditioning Contractors), https://www.census.gov/programs-surveys/economic-census.html",1,low,false,2022,
hvac,residential,productivity,gross_profit_per_labor_hour_usd,75,,"Level CFO, 2026 HVAC Contractor Benchmarks (Level Index), https://www.levelcfo.com/benchmarks/hvac",1,low,false,2026,
hvac,residential,productivity,billable_utilization_pct,65,,"Air Conditioning Contractors of America (ACCA), Financial Benchmarking Study, 2025, https://www.acca.org",2,med,false,2025,7
hvac,commercial,bad_debt,bad_debt_write_off_pct,0.073,,"Comfort Systems USA, Inc. 2025 Form 10-K, https://www.sec.gov/Archives/edgar/data/1035983/000110465926017530/fix-20251231x10k.htm",1,adjudicated,false,2025,
hvac,commercial,bad_debt,collection_rate_pct,85.1,,"Level CFO, State of Contractor Finance, 2026, https://levelcfo.com/benchmarks/hvac",1,high-primary,false,2026,23
hvac,commercial,cash_cycle_detail,dso_days,96.67,,"Comfort Systems USA, Inc. Form 10-K Annual Report for FY2024 (Billed Accounts Receivable of $1,861,212 thousand divided by Total Revenues of $7,027,476 thousand multiplied by 365 days), filed February 20, 2025. URL: https://www.comfortsystemsusa.com",2,high,false,2025,
hvac,commercial,cash_cycle_detail,dpo_days,43.06,,"Comfort Systems USA, Inc. Form 10-K Annual Report for FY2024 (Accounts Payable of $654,943 thousand divided by Cost of Services of $5,551,065 thousand multiplied by 365 days), filed February 20, 2025. URL: https://www.comfortsystemsusa.com",2,adjudicated,false,2025,
hvac,commercial,cash_cycle_detail,cash_conversion_cycle_days,72.9,,"Computed from Comfort Systems USA, Inc. 2024 Form 10-K (DSO + DIO - DPO), https://www.sec.gov/edgar/searchedgar/companysearch",2,med,false,2024,
hvac,commercial,cost_structure,labor_pct_of_revenue,29.4,,"IBISWorld Industry Report 23822a: Heating & Air-Conditioning Contractors in the US (2019), https://www.ibisworld.com/united-states/market-research-reports/heating-air-conditioning-contractors-industry",1,low,false,2019,5
hvac,commercial,cost_structure,materials_pct_of_revenue,41.7,,"IBISWorld Industry Report 23822a: Heating & Air-Conditioning Contractors in the US (2019), https://www.ibisworld.com/united-states/market-research-reports/heating-air-conditioning-contractors-industry",1,low,false,2019,6
hvac,commercial,cost_structure,sga_overhead_pct,10.4,,"Comfort Systems USA, Inc. 2024 Form 10-K (Annual Report for the fiscal year ended December 31, 2024), https://www.sec.gov/ix?doc=/Archives/edgar/data/0001035983/000103598325000009/fix-20241231.htm",1,high-primary,false,2024,
hvac,commercial,demand_drivers,installed_base_units,5900000,,"U.S. Energy Information Administration (EIA) Commercial Buildings Energy Consumption Survey (CBECS), 2018, https://www.eia.gov/consumption/commercial/data/2018",1,high-primary,false,2018,15
hvac,commercial,margins,gross_margin_pct,21.01,,"Comfort Systems USA, Inc. FY 2024 Form 10-K (SEC Filing), https://www.sec.gov/edgar/browse/?CIK=0001035983; cross-checked against EMCOR Group, Inc. FY 2024 Form 10-K (18.98%), https://www.sec.gov/edgar/browse/?CIK=0001056087",2,high,false,2024,
hvac,commercial,margins,operating_margin_pct,10.66,,"Comfort Systems USA, Inc. FY 2024 Form 10-K (SEC Filing), https://www.sec.gov/edgar/browse/?CIK=0001035983; cross-checked against EMCOR Group, Inc. FY 2024 Form 10-K (9.23%), https://www.sec.gov/edgar/browse/?CIK=0001056087",2,med,false,2024,
hvac,commercial,margins,net_margin_pct,7.4,,"Comfort Systems USA, Inc. Form 10-K (2024), SEC EDGAR, https://www.sec.gov/ix?doc=/Archives/edgar/data/1035983/000110465925015383/fix-20241231x10k.htm",2,high,false,2024,
hvac,commercial,productivity,revenue_per_employee_usd,252889,,"U.S. Census Bureau, 2022 Economic Census (NAICS 238220: Plumbing, Heating, and Air-Conditioning Contractors; $297.6B receipts across 1,176,800 paid employees), https://www.census.gov/programs-surveys/economic-census.html. Cross-checked with CFMA / AGC Specialty Trade Benchmarks ($180,000-$300,000 per employee for HVAC service), https://cfma.org.",1,low,false,2022,
hvac,commercial,productivity,billable_utilization_pct,65,,"ACHR News / Field Promax, 'Report: Only 65% of HVAC Technician Time is Billable Hours' (2024), https://www.achrnews.com/articles/154707-report-only-65-of-hvac-technician-time-is-billable-hours",2,low,false,2024,7
hvac,industrial,bad_debt,bad_debt_write_off_pct,0.073,,"Comfort Systems USA, Inc., 2025 Form 10-K Annual Report (SEC.gov), https://www.sec.gov/edgar/browse/?CIK=0001035983",1,low,false,2025,
hvac,industrial,bad_debt,collection_rate_pct,85.1,,"Level CFO 2024 HVAC Contractor Benchmarks (2024; https://www.levelcfo.com): Median collection rate (effective cash conversion of billings collected) for HVAC and mechanical contractors is 85.1%, with top-decile contractors reaching 96.0%.",1,low,false,2024,23
hvac,industrial,cash_cycle_detail,dso_days,73.8,,"Trade Economy Index triangulation: median of 2 independent sources: CFMA 2024 Construction Financial Benchmarker, 2024, https://cfma.org/benchmarker | EMCOR Group, Inc. Form 10-K for Fiscal Year Ended December 31, 2025 (https://www.sec.gov/edgar/searchedgar/companysearch)",2,low,true,2025,
hvac,industrial,cash_cycle_detail,dpo_days,33,,"EMCOR Group, Inc. Form 10-K for Fiscal Year Ended December 31, 2025 (https://www.sec.gov/edgar/searchedgar/companysearch)",1,low,false,2025,8
hvac,industrial,cash_cycle_detail,cash_conversion_cycle_days,58,,"Calculated from EMCOR Group, Inc. Form 10-K FY2025 (DSO 91 days minus DPO 33 days) (https://www.sec.gov/edgar/searchedgar/companysearch)",1,low,false,,
hvac,industrial,cost_structure,labor_pct_of_revenue,29.4,,"IBISWorld, Heating & Air-Conditioning Contractors in the US (Report 23822a), 2019, https://www.ibisworld.com/united-states/market-research-reports/heating-air-conditioning-contractors-industry",1,low,false,2019,5
hvac,industrial,cost_structure,materials_pct_of_revenue,41.7,,"IBISWorld, Heating & Air-Conditioning Contractors in the US (Report 23822a), 2019, https://www.ibisworld.com/united-states/market-research-reports/heating-air-conditioning-contractors-industry",1,low,false,2019,6
hvac,industrial,cost_structure,sga_overhead_pct,10.39,,"Comfort Systems USA, Inc., Form 10-K for the Fiscal Year Ended December 31, 2024, https://www.sec.gov/ix?doc=/Archives/edgar/data/1035983/000103598325000007/fix-20241231.htm",2,med,false,2024,
hvac,industrial,demand_drivers,installed_base_units,5900000,,"U.S. Energy Information Administration (EIA), Commercial Buildings Energy Consumption Survey (CBECS) 2018 (released 2022), https://www.eia.gov/consumption/commercial",1,high-primary,false,2022,15
hvac,industrial,margins,gross_margin_pct,21.01,,"Comfort Systems USA, Inc. 2024 Form 10-K Annual Report, SEC EDGAR, https://www.sec.gov/edgar/browse/?CIK=0001035983",2,med,false,2024,
hvac,industrial,margins,operating_margin_pct,7.1,,"CFMA Construction Financial Benchmarker (EBIT Margin, 2024), https://cfma.org",2,adjudicated,false,2024,14
hvac,industrial,productivity,revenue_per_employee_usd,320661,,"Construction Financial Management Association (CFMA) 2025 Construction Financial Benchmarker (2024), https://cfma.org/benchmarker",3,adjudicated,false,2025,
hvac,industrial,productivity,gross_profit_per_labor_hour_usd,150,,"Electric & Gas Industries Association (EGIA) Contractor University (2025), https://mycontractoruniversity.com",1,low,false,2025,
hvac,industrial,productivity,billable_utilization_pct,70,,"Trade Economy Index triangulation: median of 2 independent sources: TSIA (Technology & Services Industry Association), Field Services Benchmark Study, 2025, https://www.tsia.com | Granular HVAC Technician Utilization Benchmark Guide (2026), https://granular.to",2,med,true,2026,5
plumbing,residential,bad_debt,bad_debt_write_off_pct,0.1,,"IES Holdings, Inc. Form 10-K (2025), https://www.sec.gov/ix?doc=/Archives/edgar/data/1053507/000105350725000044/iesc-20250930.htm",2,med,false,2025,5
plumbing,residential,bad_debt,collection_rate_pct,85.1,,"Level CFO, Contractor Invoice Benchmarks (2026), https://levelcfo.com",1,low,false,2026,23
plumbing,residential,cash_cycle_detail,dso_days,55.2,,"CFMA 2025 Construction Financial Benchmarker, 2025, https://www.cfma.org",2,adjudicated,false,2025,
plumbing,residential,cash_cycle_detail,dpo_days,60.1,,Ferguson plc FY2024 Form 10-K (Days Payable Outstanding: 60.1 days; https://www.sec.gov/edgar/browse/?CIK=0001784809); Cross-checked with Pentair plc Form 10-K (Days in Accounts Payable: 53.0-59.0 days; https://www.sec.gov/edgar/browse/?CIK=0001585681).,1,adjudicated,false,,
plumbing,residential,cash_cycle_detail,cash_conversion_cycle_days,52.67,,"Trade Economy Index triangulation: median of 2 independent sources: Calculated from Comfort Systems USA, Inc. Form 10-K (FY 2024) (DSO 83.47 - DPO 30.93), SEC EDGAR, 2025, https://www.sec.gov/edgar/browse/?CIK=0001035985 | Ferguson plc FY2024 Form 10-K (Cash Conversion Cycle: 52.8 days; https://www.sec.gov/edgar/browse/?CIK=0001784809); Cross-checked with Pentair plc Form 10-K (Cash Conversion Cycle: 68.0-81.0 days; https://www.sec.gov/edgar/browse/?CIK=0001585681).",2,high-primary,true,2025,
plumbing,residential,cost_structure,labor_pct_of_revenue,29.05,,"NAICS Code, https://www.naicscode.com/naics-code-238220",2,adjudicated,false,,
plumbing,residential,cost_structure,materials_pct_of_revenue,42.9,,"IBISWorld Industry Report NAICS 23822b: Plumbers in the US (2019 Cost Structure Benchmarks), https://www.ibisworld.com/united-states/market-research-reports/plumbers-industry/ (cross-checked against CFMA Construction Financial Benchmarker direct cost benchmarks, https://www.cfma.org)",1,low,false,2019,
plumbing,residential,cost_structure,sga_overhead_pct,10.7,,"Construction Financial Management Association (CFMA) Financial Performance Report (Specialty Trade Contractors - NAICS 238220 Plumbing, Heating, and Air-Conditioning: 7.2% base payroll and related administrative expenses plus 3.5% indirect costs), 2024, https://cfma.org",2,adjudicated,false,2024,
plumbing,residential,demand_drivers,installed_base_units,145333462,,"U.S. Census Bureau, 2023 American Community Survey (ACS) 1-Year Estimates, Table B25001 (145,333,462 total housing units; 131,332,360 occupied housing units), https://www.census.gov/programs-surveys/acs cross-checked with U.S. Energy Information Administration (EIA), 2024 Residential Energy Consumption Survey (RECS 2024 preliminary release: 132,500,000 primary occupied homes), https://www.eia.gov/consumption/residential",1,high-primary,false,2024,
plumbing,residential,margins,gross_margin_pct,22.4,,"CFMA Construction Financial Benchmarker (Specialty Trades: NAICS 238220 Plumbing, Heating, and Air-Conditioning Contractors), 2024",2,med,false,2024,9
plumbing,residential,margins,operating_margin_pct,7.1,,"CFMA Construction Financial Benchmarker (Specialty Trades: NAICS 238220 Plumbing, Heating, and Air-Conditioning Contractors EBIT Margin), 2024",2,high,false,2024,14
plumbing,residential,margins,net_margin_pct,5.96,,"Limbach Holdings, Inc. FY2024 Form 10-K (SEC Filing, March 10, 2025) cross-checked against Comfort Systems USA, Inc. FY2024 Form 10-K (7.43% net margin)",3,med,false,2025,
plumbing,residential,productivity,revenue_per_employee_usd,222000,,"IBISWorld, Plumbers in the US Industry Report (NAICS 23822B US), 2025, https://www.ibisworld.com/united-states/market-research-reports/plumbers-industry",2,med,false,2025,
plumbing,residential,productivity,gross_profit_per_labor_hour_usd,95,,"Level Index, 2026 Plumbing & HVAC Benchmarks (https://levelcfo.com/guides/gross-profit-per-hour/); cross-checked with CFMA 2024 Construction Financial Benchmarker ($70,642 gross profit per FTE, https://cfma.org)",1,low,false,2026,
plumbing,commercial,bad_debt,bad_debt_write_off_pct,0.1,,"Comfort Systems USA, Inc. Form 10-K (2024) - https://www.sec.gov/ix?doc=/Archives/edgar/data/0001035983/000103598325000009/fix-20241231.htm",1,low,false,2024,5
plumbing,commercial,bad_debt,collection_rate_pct,85.1,,Level CFO Plumbing Contractor Financial Benchmarks (2026) - https://levelcfo.com/benchmarks/plumbing,2,med,false,2026,23
plumbing,commercial,cash_cycle_detail,dso_days,56.6,,"CFMA 2024 Construction Financial Benchmarker, Construction Financial Management Association, 2024, https://www.cfma.org/benchmarker",2,high,false,2024,11
plumbing,commercial,cash_cycle_detail,dpo_days,43.1,,"Comfort Systems USA, Inc. Form 10-K Annual Report for Fiscal Year Ended December 31, 2024, U.S. Securities and Exchange Commission, 2025, https://www.sec.gov/edgar/searchedgar/companysearch",1,low,false,2025,
plumbing,commercial,cost_structure,labor_pct_of_revenue,29.4,,"IBISWorld, 'Plumbers in the US' Industry Report (NAICS 23822), 2024 Cost Structure Benchmarks (https://www.ibisworld.com/united-states/market-research-reports/plumbers-industry/); cross-checked against CFMA Construction Financial Benchmarks Report (2024, https://cfma.org) and Workyard Trade Labor Benchmarks (2024, https://www.workyard.com).",1,low,false,2024,5
plumbing,commercial,cost_structure,materials_pct_of_revenue,41.7,,"IBISWorld, 'Plumbers in the US' Industry Report (NAICS 23822), 2024 Cost Structure Benchmarks (https://www.ibisworld.com/united-states/market-research-reports/plumbers-industry/); cross-checked against Comfort Systems USA, Inc. SEC Form 8-K / Investor Presentation (2020, https://www.comfortsystemsusa.com).",1,low,false,2024,6
plumbing,commercial,cost_structure,sga_overhead_pct,11.8,,"Construction Financial Management Association (CFMA) 2024 Financial Benchmarker, https://cfma.org/benchmarker",3,adjudicated,false,2024,5
plumbing,commercial,demand_drivers,installed_base_units,5900000,,"U.S. Energy Information Administration (EIA), Commercial Buildings Energy Consumption Survey (CBECS) (2022), https://www.eia.gov/consumption/commercial/data/2018/; U.S. Census Bureau, Construction Spending Survey (2026), https://www.census.gov/construction/c30/c30index.html",1,high-primary,false,2026,15
plumbing,commercial,margins,gross_margin_pct,21.9,,"CFMA 2024 Construction Financial Benchmarker (Specialty Trades NAICS 238220 Plumbing/HVAC, 2023 data), https://cfma.org; cross-checked against Comfort Systems USA, Inc. 2023 Form 10-K (19.01%), https://www.sec.gov/ix?doc=/Archives/edgar/data/1035983/000103598324000008/fix-20231231.htm",2,adjudicated,false,2024,
plumbing,commercial,margins,operating_margin_pct,7.1,,CFMA 2024 Construction Financial Benchmarker (https://cfma.org),1,adjudicated,false,2024,14
plumbing,commercial,margins,net_margin_pct,6.9,,"CFMA 2024 Construction Financial Benchmarker (Specialty Trades NAICS 238220 Plumbing/HVAC, 2023 data), https://cfma.org; cross-checked against Comfort Systems USA, Inc. 2023 Form 10-K (6.21%), https://www.sec.gov/ix?doc=/Archives/edgar/data/1035983/000103598324000008/fix-20231231.htm",2,med,false,2024,4
plumbing,commercial,productivity,revenue_per_employee_usd,222000,,"IBISWorld, 'Plumbing in the US' Industry Report (2025), https://www.ibisworld.com/united-states/market-research-reports/plumbers-industry/; cross-checked with U.S. Census Bureau Economic Census NAICS 238220 ($202,202 per employee based on $207.89B receipts and 1,028,117 employees, 2017, https://www.census.gov/programs-surveys/economic-census.html)",3,med,false,2025,
plumbing,commercial,productivity,billable_utilization_pct,65,,"Plumbing-Heating-Cooling Contractors Association (PHCC) / Industry Operations Benchmarks, https://www.phccweb.org",1,med,false,,7
plumbing,industrial,bad_debt,bad_debt_write_off_pct,0.1,,"Comfort Systems USA, Inc. 2024 Form 10-K (https://www.sec.gov/ix?doc=/Archives/edgar/data/0001035983/000110465925016024/fix-20241231x10k.htm) reporting bad debt expense of $6.95M on $6.97B total revenue (0.10%); cross-checked with EMCOR Group, Inc. 2024 Form 10-K (https://www.sec.gov/ix?doc=/Archives/edgar/data/0000105608/000010560825000011/eme-20241231.htm) reporting net write-offs of $4.85M on $14.57B total revenue (0.03%) and provision for credit losses of $17.30M (0.12%).",1,high-primary,false,2024,5
plumbing,industrial,cash_cycle_detail,dso_days,83.56,,"CFMA 2024 Construction Financial Benchmarker, Construction Financial Management Association (2024), https://cfma.org/benchmarker",2,med,false,2024,
plumbing,industrial,cash_cycle_detail,dpo_days,30.93,,"GuruFocus / SEC Data for Comfort Systems USA, Inc. (2024) - https://www.gurufocus.com/term/days_payable/FIX",3,med,false,2024,
plumbing,industrial,cash_cycle_detail,cash_conversion_cycle_days,69.5,,"Trade Economy Index triangulation: median of 2 independent sources: EMCOR Group, Inc. Form 10-K Financial Benchmarks (Finbox 2025 Analysis) - https://finbox.com | Comfort Systems USA, Inc. FY 2023 Form 10-K Annual Report (2023), calculated as DSO (108 days) minus DPO (37 days), https://www.sec.gov; cross-checked against EMCOR Group, Inc. FY 2023 Form 10-K Annual Report (Cash Conversion Cycle of 58 days), https://www.sec.gov",2,med,true,2025,
plumbing,industrial,cost_structure,labor_pct_of_revenue,24.8,,"IBISWorld Industry Report 23822b: Plumbers in the US (2019), https://www.ibisworld.com/united-states/market-research-reports/plumbers-industry",1,low,false,2019,
plumbing,industrial,cost_structure,materials_pct_of_revenue,41.7,,"IBISWorld Industry Report 23822b: Plumbers in the US (2019), https://www.ibisworld.com/united-states/market-research-reports/plumbers-industry",1,low,false,2019,6
plumbing,industrial,cost_structure,sga_overhead_pct,10.1,,"EMCOR Group, Inc. Form 10-K for the Fiscal Year Ended December 31, 2025, https://www.sec.gov/ix?doc=/Archives/edgar/data/105608/000010560826000009/eme-20251231.htm",2,med,false,2025,
plumbing,industrial,demand_drivers,installed_base_units,5900000,,"U.S. Energy Information Administration (EIA), Commercial Buildings Energy Consumption Survey (CBECS), 2022, https://www.eia.gov/consumption/commercial",1,high-primary,false,2022,15
plumbing,industrial,margins,gross_margin_pct,22.4,,"CFMA Construction Financial Benchmarker (Specialty Trade Contractors - NAICS 238220), 2024, https://cfma.org",2,adjudicated,false,2024,9
plumbing,industrial,margins,operating_margin_pct,7.1,,"CFMA Construction Financial Benchmarker (Specialty Trade Contractors - NAICS 238220), 2024, https://cfma.org",2,med,false,2024,14
plumbing,industrial,margins,net_margin_pct,6.91,,"EMCOR Group, Inc. 2024 Form 10-K Annual Report (SEC.gov), https://www.sec.gov/ix?doc=/Archives/edgar/data/105634/000010563425000008/eme-20241231.htm",2,med,false,2024,
plumbing,industrial,productivity,revenue_per_employee_usd,252898,,"U.S. Census Bureau 2022 Economic Census (Table EC2223BASIC, NAICS 238220 Plumbing, Heating, and Air-Conditioning Contractors: $297.6B total receipts / 1,176,759 paid employees); cross-checked with IBISWorld U.S. Plumbing Contractors Report 2024 ($222,000 per employee), https://data.census.gov",2,adjudicated,false,2024,
plumbing,industrial,retainage_liens,typical_retainage_pct,10,,"Construction Financial Management Association (CFMA), 2023, https://www.cfma.org",1,med,false,2023,11
plumbing,industrial,retainage_liens,payment_dispute_pct,47,,"Construction Financial Management Association (CFMA), 2023, https://www.cfma.org",1,med,false,2023,
plumbing,industrial,search_interest,yoy_search_change_pct,20,,"Trade Economy Index triangulation: median of 2 independent sources: Ambscallcenter (2025) and AMRA & ELMA (2025, https://www.amraandelma.com/plumber-marketing-statistics/) | LocaliQ (2026), '2025 Search Ad Benchmarks for Home Services', https://localiq.com/blog/home-services-search-advertising-benchmarks",2,low,true,2026,
electrical,residential,bad_debt,bad_debt_write_off_pct,0.0010207715133531158,,"IES Holdings, Inc. Form 10-K for the Fiscal Year Ended September 30, 2025, https://www.sec.gov/Archives/edgar/data/1048268/000104826825000174/iesc-20250930.htm",2,adjudicated,false,2025,
electrical,residential,bad_debt,collection_rate_pct,85.1,,"Level CFO State of Contractor Finance Report (2026), https://levelcfo.com/reports/state-of-contractor-finance-2026",2,high,false,2026,23
electrical,residential,cash_cycle_detail,dso_days,56.6,,"CFMA 2024 Construction Financial Benchmarker, 2024, https://cfma.org",2,med,false,2024,11
electrical,residential,cash_cycle_detail,dpo_days,28.45,,"IES Holdings, Inc. FY2024 Form 10-K, 2024, https://www.sec.gov/ix?doc=/Archives/edgar/data/1048286/000104828624000049/iesc-20240930.htm",1,low,false,2024,
electrical,residential,cash_cycle_detail,cash_conversion_cycle_days,48.36,,"Computed from IES Holdings, Inc. FY2024 Form 10-K financial statements (DSO 66.31 days + DIO 10.50 days - DPO 28.45 days), 2024, https://www.sec.gov/ix?doc=/Archives/edgar/data/1048286/000104828624000049/iesc-20240930.htm",1,low,false,2024,
electrical,residential,cost_structure,labor_pct_of_revenue,31.7,,"IBISWorld US Industry Report 23821 (Electricians in the US), https://www.ibisworld.com/united-states/market-research-reports/electricians-industry",2,med,false,,4
electrical,residential,cost_structure,materials_pct_of_revenue,36.5,,"IBISWorld US Industry Report 23821 (Electricians in the US), https://www.ibisworld.com/united-states/market-research-reports/electricians-industry",2,med,false,,
electrical,residential,cost_structure,sga_overhead_pct,22,,"IBISWorld US Industry Report 23821 (Electricians in the US), https://www.ibisworld.com/united-states/market-research-reports/electricians-industry",2,med,false,,
electrical,residential,demand_drivers,installed_base_units,145344636,,"U.S. Census Bureau, Vintage 2023 Housing Unit Estimates (2024)",2,med,false,2024,5
electrical,residential,margins,gross_margin_pct,26.2,,"IES Holdings, Inc. Form 10-K (FY 2024) - Residential Segment, https://www.sec.gov/ix?doc=/Archives/edgar/data/1048286/000104828624000052/iesc-20240930.htm",2,med,false,2024,
electrical,residential,margins,operating_margin_pct,9.9,,"IES Holdings, Inc. Form 10-K (FY 2024) - Residential Segment, https://www.sec.gov/ix?doc=/Archives/edgar/data/1048286/000104828624000052/iesc-20240930.htm",2,med,false,2024,
electrical,residential,margins,net_margin_pct,6.9,,"CFMA Construction Financial Benchmarker (2024) - Specialty Trade Contractors Net Income Before Taxes Margin, https://www.cfma.org",2,med,false,2024,4
electrical,residential,productivity,revenue_per_employee_usd,257243,,"U.S. Census Bureau, 2022 Economic Census (NAICS 238210 - Electrical Contractors and Other Wiring Installation Contractors; $249.2 billion output / 968,734 employees), https://data.census.gov (cross-checked against IBISWorld Industry Report 238210: Electricians in the US, 2025, reporting $256,000 per employee, https://www.ibisworld.com)",1,high-primary,false,2025,
electrical,residential,productivity,gross_profit_per_labor_hour_usd,92,,"Level CFO Electrical Contractor Benchmarks (Level Index), 2025, https://www.levelcfo.com",1,low,false,2025,
electrical,residential,productivity,billable_utilization_pct,65,,"National Electrical Contractors Association (NECA) Benchmarking Data, https://www.necanet.org",2,high,false,,7
electrical,residential,search_interest,yoy_search_change_pct,19,,"Trade Economy Index triangulation: median of 1 independent source: vrid.ai, 2026, https://vrid.ai",1,med,true,2026,
electrical,commercial,bad_debt,bad_debt_write_off_pct,0.117,,"EMCOR Group, Inc. Form 10-K Annual Report for the Fiscal Year Ended December 31, 2025, filed February 20, 2026, URL: https://www.sec.gov/ix?doc=/Archives/edgar/data/105608/000010560826000009/eme-20251231.htm",1,low,false,2026,
electrical,commercial,bad_debt,collection_rate_pct,85.1,,"The Level Index Contractor Benchmarks (2024), corroborated by CFMA 2024 Construction Financial Benchmarker. https://levelcfo.com",1,low,false,2024,23
electrical,commercial,cash_cycle_detail,dso_days,59,,"Quanta Services, Inc. Form 10-K for the Fiscal Year Ended December 31, 2024, Item 7 (URL: https://www.sec.gov/ix?doc=/Archives/edgar/data/0001050915/000105091525000008/pwr-20241231.htm)",2,med,false,2024,
electrical,commercial,cash_cycle_detail,dpo_days,33,,"EMCOR Group, Inc. Form 10-K (FY2025) - https://www.sec.gov/edgar/searchedgar/companysearch",2,high,false,,8
electrical,commercial,cash_cycle_detail,cash_conversion_cycle_days,51.68,,"Trade Economy Index triangulation: median of 2 independent sources: EMCOR Group, Inc. Form 10-K (FY2025) - https://www.sec.gov/edgar/searchedgar/companysearch | Comfort Systems USA, Inc. FY2024 Form 10-K (https://www.sec.gov/edgar/searchedgar/companysearch)",2,low,true,,
electrical,commercial,cost_structure,labor_pct_of_revenue,31.7,,IBISWorld US Industry (NAICS) Report 23821: Electricians in the US (2021) - https://www.ibisworld.com; cross-checked against CFMA 2024 Construction Financial Benchmarker (Specialty Trades NAICS 238210) - https://www.cfma.org,3,med,false,2024,4
electrical,commercial,cost_structure,materials_pct_of_revenue,36.5,,IBISWorld US Industry (NAICS) Report 23821: Electricians in the US (2021) - https://www.ibisworld.com; cross-checked against CFMA 2024 Construction Financial Benchmarker (Specialty Trades NAICS 238210 Direct Costs) - https://www.cfma.org,2,med,false,2024,
electrical,commercial,cost_structure,sga_overhead_pct,9.7,,"EMCOR Group, Inc. 2024 Form 10-K, https://www.sec.gov",2,high,false,2024,
electrical,commercial,demand_drivers,installed_base_units,5918000,,"U.S. Energy Information Administration (EIA), Commercial Buildings Energy Consumption Survey (CBECS), 2018 (released 2022), https://www.eia.gov/consumption/commercial",1,high-primary,false,2022,
electrical,commercial,margins,gross_margin_pct,22.4,,"CFMA Construction Financial Benchmarker (2024), https://cfma.org; cross-checked against MYR Group Inc. Form 10-K (2023), https://www.sec.gov",3,med,false,2024,9
electrical,commercial,margins,operating_margin_pct,7.1,,"CFMA Construction Financial Benchmarker (2024), https://cfma.org; cross-checked against EMCOR Group, Inc. Form 10-K (2023), https://www.sec.gov",3,med,false,2024,14
electrical,commercial,productivity,revenue_per_employee_usd,257240.23,,"U.S. Census Bureau, 2022 Economic Census (NAICS 238210 - Electrical Contractors and Other Wiring Installation Contractors), https://www.census.gov/programs-surveys/economic-census.html",2,high,false,2022,
electrical,commercial,productivity,gross_profit_per_labor_hour_usd,101.5,,"Trade Economy Index triangulation: median of 1 independent source: Level CFO, Electrical Industry Benchmarks (2025), https://levelcfo.com/benchmarks/electrical",1,low,true,2025,
electrical,commercial,productivity,billable_utilization_pct,67.5,,"Trade Economy Index triangulation: median of 1 independent source: National Electrical Contractors Association (NECA), Financial Performance Report & Benchmarking Data, 2025, https://www.necanet.org",1,med,true,2025,
electrical,commercial,retainage_liens,typical_retainage_pct,10,,"Construction Financial Management Association (CFMA) Retainage Overview, 2026, https://www.cfma.org",1,med,false,2026,11
electrical,commercial,search_interest,yoy_search_change_pct,36,,"Trade Economy Index triangulation: median of 2 independent sources: Amra & Elma (2025), 'Electrical Marketing Statistics', https://www.amraandelma.com/electrical-marketing-statistics | Kynexpro (2026), 'AI-Powered Electrical Contractor Marketing Trends in 2026', https://kynexpro.com",2,low,true,2026,
electrical,industrial,bad_debt,bad_debt_write_off_pct,0.033,,"EMCOR Group, Inc. Form 10-K for the Fiscal Year Ended December 31, 2024 (filed February 24, 2025), https://www.sec.gov/ix?doc=/Archives/edgar/data/105663/00010566325000007/eme-20241231.htm",2,med,false,2025,
electrical,industrial,bad_debt,collection_rate_pct,85.1,,"Level State of Contractor Finance Report (2026), https://levelcfo.com",1,low,false,2026,23
electrical,industrial,cash_cycle_detail,dso_days,57,,"CFMA 2024 Financial Benchmarker (Electrical & Trade Contractors), https://cfma.org/benchmarker",2,adjudicated,false,2024,
electrical,industrial,cash_cycle_detail,dpo_days,33,,"EMCOR Group, Inc. Form 10-K for Fiscal Year Ended December 31, 2025, https://www.sec.gov",1,low,false,2025,8
electrical,industrial,cash_cycle_detail,cash_conversion_cycle_days,36.13,,"Quanta Services, Inc. FY2023 Form 10-K, SEC EDGAR, https://www.sec.gov/ix?doc=/Archives/edgar/data/1050915/000105091524000008/pwr-20231231.htm",1,adjudicated,false,,
electrical,industrial,cost_structure,labor_pct_of_revenue,31.7,,"IBISWorld, Electrical Contractors in the US (2021 Revenue Breakdown, cited in BBB Industry Profile), https://www.bbb.org",3,med,false,2021,4
electrical,industrial,cost_structure,materials_pct_of_revenue,36.5,,"IBISWorld, Electrical Contractors in the US (2021 Revenue Breakdown, cited in BBB Industry Profile), https://www.bbb.org",3,high,false,2021,
electrical,industrial,cost_structure,sga_overhead_pct,22,,"IBISWorld, Electrical Contractors in the US (2021 Revenue Breakdown, cited in BBB Industry Profile), https://www.bbb.org",3,med,false,2021,
electrical,industrial,margins,gross_margin_pct,22.4,,"CFMA 2024 Construction Financial Benchmarker, https://www.cfma.org",1,high-primary,false,2024,9
electrical,industrial,margins,operating_margin_pct,7.1,,"CFMA 2024 Construction Financial Benchmarker, https://www.cfma.org",2,med,false,2024,14
electrical,industrial,productivity,revenue_per_employee_usd,257243,,"US Census Bureau 2022 Economic Census (NAICS 238210: Electrical Contractors and Other Wiring Installation Contractors), https://www.census.gov/programs-surveys/economic-census.html (calculated from $249.2B total output divided by 968,734 paid employees = $257,243 per employee); cross-checked against IBISWorld Industry Report 23821: Electricians in the US (2025, $256,000 per employee), https://www.ibisworld.com/united-states/market-research-reports/electricians-industry",1,low,false,2025,
electrical,industrial,productivity,billable_utilization_pct,70,,"National Electrical Contractors Association (NECA) Financial Performance Report & CFMA Financial Benchmarker, https://www.necanet.org",1,low,false,,5
electrical,industrial,retainage_liens,typical_retainage_pct,10,,"CFMA (Construction Financial Management Association), 2022",1,low,false,2022,11
electrical,industrial,search_interest,yoy_search_change_pct,32,,"Amra & Elma (2026), https://www.amraandelma.com/electrical-marketing-statistics",1,low,false,2026,
roofing,residential,bad_debt,bad_debt_write_off_pct,0.12,,"Beacon Roofing Supply, Inc. Form 10-K (2024), https://www.sec.gov/ix?doc=/Archives/edgar/data/0001120193/000112019325000007/becn-20241231.htm",1,high-primary,false,2024,7
roofing,residential,bad_debt,collection_rate_pct,85.1,,"Level CFO Level Index: State of Contractor Finance Report (2026), https://levelcfo.com",2,med,false,2026,23
roofing,residential,cash_cycle_detail,dso_days,56.6,,CFMA 2024 Construction Financial Benchmarker (https://cfma.org),1,med,false,2024,11
roofing,residential,cash_cycle_detail,dpo_days,33.4,,"Beacon Roofing Supply, Inc. FY2018 SEC Form 10-K, https://www.sec.gov",1,low,false,,
roofing,residential,cost_structure,labor_pct_of_revenue,26.2,,"IBISWorld, 'Roofing Contractors in the US (NAICS 23816)' (2024), cited via ConsumerAffairs, https://www.consumeraffairs.com/homeowners/roofing-industry-statistics.html",2,med,false,2024,
roofing,residential,cost_structure,materials_pct_of_revenue,43.1,,"IBISWorld, 'Roofing Contractors in the US (NAICS 23816)' (2024), cited via ConsumerAffairs, https://www.consumeraffairs.com/homeowners/roofing-industry-statistics.html",2,med,false,2024,
roofing,residential,cost_structure,sga_overhead_pct,18,,Construction Financial Management Association (CFMA) 2024 Financial Benchmarker (2024) https://cfma.org,2,med,false,2024,
roofing,residential,demand_drivers,installed_base_units,145344636,,"U.S. Census Bureau, 2024",2,med,false,2024,5
roofing,residential,margins,gross_margin_pct,33,,"IBISWorld, Roofing Contractors in the US Industry Report (2025), https://www.ibisworld.com/united-states/market-research-reports/roofing-contractors-industry",3,med,false,2025,
roofing,residential,margins,operating_margin_pct,15,,"IBISWorld, Roofing Contractors in the US Industry Report (2025), https://www.ibisworld.com/united-states/market-research-reports/roofing-contractors-industry",2,high,false,2025,
roofing,residential,margins,net_margin_pct,5.3,,"IBISWorld, Roofing Contractors in the US Industry Report (2025), https://www.ibisworld.com/united-states/market-research-reports/roofing-contractors-industry",3,adjudicated,false,2025,4
roofing,residential,productivity,revenue_per_employee_usd,349760,,"U.S. Census Bureau, 2022 Statistics of U.S. Businesses (SUSB) / Economic Census, NAICS 238160 Roofing Contractors ($71,700,000,000 total receipts / 204,998 paid employees = $349,760 per employee; https://www.census.gov/programs-surveys/susb.html). Cross-checked with IBISWorld, Roofing Contractors in the US (NAICS 23816), March 2026 ($92,500,000,000 revenue / 228,634 employees = $404,577 per employee; https://www.ibisworld.com/united-states/market-research-reports/roofing-contractors-industry/).",1,low,false,2026,
roofing,residential,retainage_liens,typical_retainage_pct,10,,"Texas Property Code § 53.101 (2023), https://statutes.capitol.texas.gov/Docs/PR/htm/PR.53.htm",1,low,false,2023,11
roofing,commercial,bad_debt,bad_debt_write_off_pct,0.3,,"TopBuild Corp. (NYSE: BLD) Form 10-K for Fiscal Year Ended December 31, 2024, https://www.sec.gov",1,low,false,2024,
roofing,commercial,bad_debt,collection_rate_pct,85.1,,"Level CFO Contractor Invoice Benchmarks (corroborated by CFMA 2024 Construction Financial Benchmarker), 2026, https://levelcfo.com",2,high,false,2026,23
roofing,commercial,cash_cycle_detail,dso_days,56.6,,CFMA 2024 Construction Financial Benchmarker (2024) - https://cfma.org/benchmarker,2,adjudicated,false,2024,11
roofing,commercial,cash_cycle_detail,dpo_days,33.4,,"Beacon Roofing Supply, Inc. 2018 Form 10-K, https://www.sec.gov/edgar/searchedgar/companysearch",2,med,false,2018,
roofing,commercial,cash_cycle_detail,cash_conversion_cycle_days,45,,"APi Group Corporation 2023 Form 10-K, https://www.sec.gov/edgar/searchedgar/companysearch",2,adjudicated,false,2023,4
roofing,commercial,cost_structure,labor_pct_of_revenue,25.2,,"IBISWorld Roofing Contractors in the US Industry Report (2025), https://www.ibisworld.com/united-states/market-research-reports/roofing-contractors-industry",2,high,false,2025,
roofing,commercial,cost_structure,materials_pct_of_revenue,43.9,,"IBISWorld Roofing Contractors in the US Industry Report (2025), https://www.ibisworld.com/united-states/market-research-reports/roofing-contractors-industry",2,high,false,2025,
roofing,commercial,cost_structure,sga_overhead_pct,18,,"Construction Financial Management Association (CFMA), ""2024 Financial Benchmarker"" (Specialty Trade Contractors NAICS 238), 2024 ; cross-checked with IBISWorld, ""Roofing Contractors in the US"" (NAICS 23816), 2024 (https://www.ibisworld.com/united-states/market-research-reports/roofing-contractors-industry/)",1,adjudicated,false,2024,
roofing,commercial,demand_drivers,installed_base_units,5900000,,"U.S. Energy Information Administration (EIA), Commercial Buildings Energy Consumption Survey (CBECS) (2018 Survey Data, Published December 2022), https://www.eia.gov/consumption/commercial",1,high-primary,false,2022,15
roofing,commercial,margins,gross_margin_pct,25,,IBISWorld - Roofing Contractors in the US Industry Analysis (https://www.ibisworld.com/united-states/market-research-reports/roofing-contractors-industry/),1,low,false,,
roofing,commercial,margins,operating_margin_pct,15,,IBISWorld - Roofing Contractors in the US Industry Analysis (https://www.ibisworld.com/united-states/market-research-reports/roofing-contractors-industry/),1,low,false,,
roofing,commercial,margins,net_margin_pct,5.3,,IBISWorld - Roofing Contractors in the US Industry Analysis (https://www.ibisworld.com/united-states/market-research-reports/roofing-contractors-industry/),2,high,false,,4
roofing,commercial,productivity,revenue_per_employee_usd,340979,,"U.S. Census Bureau, 2022 Economic Census & County Business Patterns (NAICS 238160 Roofing Contractors), 2022, https://data.census.gov",1,low,false,2022,
roofing,industrial,bad_debt,bad_debt_write_off_pct,0.12,,"Beacon Roofing Supply, Inc. Form 10-K (2024), https://www.sec.gov/ix?doc=/Archives/edgar/data/0001124941/000112494125000010/becn-20241231.htm",1,low,false,2024,7
roofing,industrial,bad_debt,collection_rate_pct,92.49,,"Trade Economy Index triangulation: median of 2 independent sources: Derived from Beacon Roofing Supply, Inc. Form 10-K (2024) collections data (100% minus 0.12% bad debt write-off rate), https://www.sec.gov/ix?doc=/Archives/edgar/data/0001124941/becn-20241231.htm | Level CFO, The State of Contractor Finance (2026) - https://levelcfo.com/guides/dso-and-collections",2,med,true,2026,
roofing,industrial,cash_cycle_detail,dso_days,56.6,,"CFMA 2024 Construction Financial Benchmarker, https://cfma.org",2,high,false,2024,11
roofing,industrial,cash_cycle_detail,dpo_days,33.53,,"Trade Economy Index triangulation: median of 2 independent sources: CFMA 2024 Construction Financial Benchmarker, https://cfma.org | Carlisle Companies Inc. SEC Form 10-K (2024), https://www.sec.gov/edgar/browse/?CIK=0000015417",2,med,true,2024,
roofing,industrial,cost_structure,labor_pct_of_revenue,25.2,,"IBISWorld, Roofing Contractors in the US Industry Analysis (2025)",2,high,false,2025,
roofing,industrial,cost_structure,materials_pct_of_revenue,43.9,,"IBISWorld, Roofing Contractors in the US Industry Analysis (2025)",2,high,false,2025,
roofing,industrial,cost_structure,sga_overhead_pct,11.8,,"Construction Financial Management Association (CFMA), 2024 Construction Financial Benchmarker, https://cfma.org",2,adjudicated,false,2024,5
roofing,industrial,demand_drivers,installed_base_units,5900000,,"U.S. Energy Information Administration (EIA), 2023, Commercial Buildings Energy Consumption Survey (CBECS) 2018 Final Data, https://www.eia.gov/consumption/commercial",1,low,false,2023,15
roofing,industrial,margins,gross_margin_pct,34.1,,"IBISWorld - Roofing Contractors in the US (NAICS 23816) Industry Report, as cited by google search result, URL: https://www.ibisworld.com/united-states/market-research-reports/roofing-contractors-industry",3,adjudicated,false,,
roofing,industrial,margins,operating_margin_pct,7.1,,"CFMA 2024 Construction Financial Benchmarker (Specialty Trade Contractors EBIT Margin), URL: https://cfma.org; cross-checked with IBISWorld Roofing Contractors in the US Report (2025 EBIT Margin: 5.2%), URL: https://www.ibisworld.com",3,adjudicated,false,2025,14
roofing,industrial,margins,net_margin_pct,5.3,,"IBISWorld - Roofing Contractors in the US (NAICS 23816) Industry Report, https://www.ibisworld.com/united-states/market-research-reports/roofing-contractors-industry",3,adjudicated,false,,4
roofing,industrial,productivity,revenue_per_employee_usd,340979,,"U.S. Census Bureau, 2022 Economic Census (Table EC2223BASIC) & County Business Patterns, NAICS 238160 (Roofing Contractors), https://www.census.gov/programs-surveys/economic-census.html",1,low,false,2022,
roofing,industrial,retainage_liens,typical_retainage_pct,10,,"American Subcontractors Association (ASA), 2023",1,med,false,2023,11
roofing,industrial,retainage_liens,payment_dispute_pct,68,,"Construction Financial Management Association (CFMA) Construction Retention Study, 2023, https://www.cfma.org",1,low,false,2023,
roofing,industrial,search_interest,yoy_search_change_pct,128.5,,"Trade Economy Index triangulation: median of 1 independent source: Tampa Web Tech (2025), https://www.tampawebtech.com",1,low,true,2025,
landscaping,residential,bad_debt,bad_debt_write_off_pct,0.36,,"BrightView Holdings, Inc. Form 10-K for the Fiscal Year Ended September 30, 2024, https://www.sec.gov/ix?doc=/Archives/edgar/data/0001734200/000173420024000078/bv-20240930.htm",1,low,false,2024,
landscaping,residential,bad_debt,collection_rate_pct,85.1,,"Level, State of Contractor Finance (2026), https://levelcfo.com/benchmarks",1,high-primary,false,2026,23
landscaping,residential,cash_cycle_detail,dso_days,54,,"BrightView Holdings, Inc. Form 10-K for the Fiscal Year Ended September 30, 2025 (filed November 19, 2025 with SEC EDGAR, CIK 0001734713), https://www.sec.gov/edgar/browse/?CIK=0001734713",2,high,false,2025,
landscaping,residential,cash_cycle_detail,dpo_days,23.35,,"Trade Economy Index triangulation: median of 1 independent source: BrightView Holdings, Inc. Form 10-K for the Fiscal Year Ended September 30, 2025 (filed November 19, 2025 with SEC EDGAR, CIK 0001734713), https://www.sec.gov/edgar/browse/?CIK=0001734713",1,high-primary,true,2025,
landscaping,residential,cash_cycle_detail,cash_conversion_cycle_days,31.37,,"BrightView Holdings, Inc. Form 10-K Annual Report (2024), https://www.sec.gov/edgar/searchedgar/companysearch",1,low,false,2024,
landscaping,residential,cost_structure,labor_pct_of_revenue,36.7,,"IBISWorld Industry Report 56173: Landscaping Services in the US, 2009, https://www.ibisworld.com/united-states/market-research-reports/landscaping-services-industry",2,med,false,2009,
landscaping,residential,cost_structure,materials_pct_of_revenue,11.8,,"IBISWorld Industry Report 56173: Landscaping Services in the US, 2009, https://www.ibisworld.com/united-states/market-research-reports/landscaping-services-industry",2,med,false,2009,
landscaping,residential,cost_structure,sga_overhead_pct,17.94,,"BrightView Holdings, Inc. Form 10-K Annual Report, 2024, https://www.sec.gov/ix?doc=/Archives/edgar/data/1734713/000173471324000038/bv-20240930.htm",2,med,false,2024,
landscaping,residential,demand_drivers,installed_base_units,132500000,,"U.S. Energy Information Administration (EIA), Residential Energy Consumption Survey (RECS) Housing Characteristics Data, 2024 (released March 2026), https://www.eia.gov/consumption/residential",1,high-primary,false,2026,
landscaping,residential,margins,gross_margin_pct,23.33,,"BrightView Holdings, Inc. Form 10-K for the Fiscal Year Ended September 30, 2024, https://www.sec.gov/ix?doc=/Archives/edgar/data/0001734713/000173471324000045/bv-20240930.htm",2,med,false,2024,
landscaping,residential,margins,operating_margin_pct,5.7,,"BrightView Holdings, Inc. Form 10-K (2024) - https://www.sec.gov/ix?doc=/Archives/edgar/data/0001734713/000173471324000045/bv-20240930.htm",1,high-primary,false,2024,
landscaping,residential,margins,net_margin_pct,2.4,,"BrightView Holdings, Inc. Form 10-K (2024) - https://www.sec.gov/ix?doc=/Archives/edgar/data/0001734713/000173471324000045/bv-20240930.htm",2,med,false,2024,4
landscaping,residential,productivity,revenue_per_employee_usd,123000,,"National Association of Landscape Professionals (NALP) 2025 Financial Benchmark Report, https://www.landscapeprofessionals.org/NALP/NALP/News/2025-Financial-Benchmark-Report.aspx (Cross-checked with U.S. Census Bureau NAICS 561730 Landscaping Services Receipts-per-Employee analysis of $135,132, and Kentley Insights 2025 Landscaping Services Report at $164,125, https://www.kentleyinsights.com/)",2,med,false,2025,
landscaping,residential,search_interest,yoy_search_change_pct,65,,"Invoca (via Sixth City Marketing), 2026",2,med,false,2026,
landscaping,commercial,bad_debt,bad_debt_write_off_pct,0.36,,"BrightView Holdings, Inc. Form 10-K Annual Report (2024), https://www.sec.gov/edgar/browse/?CIK=0001734713 (cross-checked against Level CFO State of Contractor Finance Benchmark Report, 2025, https://levelcfo.com/benchmarks/general-contractor/)",2,med,false,2025,
landscaping,commercial,bad_debt,collection_rate_pct,85.1,,"Level CFO, State of Contractor Finance Benchmarks (2026), https://levelcfo.com/reports/state-of-contractor-finance-2026",1,low,false,2026,23
landscaping,commercial,cash_cycle_detail,dso_days,55,,"BrightView Holdings, Inc. Form 10-K for the Fiscal Year Ended September 30, 2024, SEC EDGAR (https://www.sec.gov/ix?doc=/Archives/edgar/data/0001734713/000173471324000045/bv-20240930.htm)",1,high-primary,false,2024,
landscaping,commercial,cash_cycle_detail,dpo_days,21.7,,"BrightView Holdings, Inc. Financial Analysis via GuruFocus (2025), https://www.gurufocus.com/stock/BV/summary",1,low,false,2025,
landscaping,commercial,cash_cycle_detail,cash_conversion_cycle_days,33.52,,"BrightView Holdings, Inc. Financial Ratios, 2024, https://www.gurufocus.com/stock/BV/financials",1,low,false,2024,
landscaping,commercial,cost_structure,labor_pct_of_revenue,35,,"IBISWorld Industry Report 56173: Landscaping Services in the US (2025), https://www.ibisworld.com/united-states/market-research-reports/landscaping-services-industry",1,low,false,2025,
landscaping,commercial,cost_structure,materials_pct_of_revenue,32.6,,"IBISWorld, Landscaping Services in the US (NAICS 56173) Cost Structure Benchmarks (2020), https://www.ibisworld.com/united-states/market-research-reports/landscaping-services-industry/. Cross-checked with Aspire Green Industry Benchmark Survey (2025), which cites material purchases between 20.0% and 30.0% of revenue for maintenance/design-build operations.",2,adjudicated,false,2025,
landscaping,commercial,cost_structure,sga_overhead_pct,17.1,,"BrightView Holdings, Inc., Form 10-K Annual Report for Fiscal Year Ended September 30, 2025, Consolidated Statements of Operations (Selling, General, and Administrative Expenses of $457.8M on $2,672.8M Net Service Revenue), https://www.sec.gov/edgar/browse/?CIK=0001734713. Cross-checked with CFMA (Construction Financial Management Association) 2024 Financial Benchmarker for Specialty Trade Contractors (NAICS 238), reporting average overhead ratios of 18.0% to 25.0%.",1,high-primary,false,2025,
landscaping,commercial,demand_drivers,installed_base_units,5900000,,"U.S. Energy Information Administration (EIA), Commercial Buildings Energy Consumption Survey (CBECS) 2018 (2021), https://www.eia.gov/consumption/commercial",1,high-primary,false,2021,15
landscaping,commercial,margins,gross_margin_pct,23.3,,"BrightView Holdings, Inc. SEC Form 10-K (FY 2024), https://www.sec.gov/ix?doc=/Archives/edgar/data/0001734713/000173471324000039/bv-20240930.htm (Gross Profit $645.6M on $2,767.1M Net Service Revenues = 23.33%); cross-checked against National Association of Landscape Professionals (NALP) 2025 Financial Benchmark Study, https://www.landscapeprofessionals.org",1,high-primary,false,2025,
landscaping,commercial,margins,operating_margin_pct,5.7,,"BrightView Holdings, Inc. SEC Form 10-K (FY 2024), https://www.sec.gov/ix?doc=/Archives/edgar/data/0001734713/000173471324000039/bv-20240930.htm (Income from Operations $156.9M on $2,767.1M Net Service Revenues = 5.67%); cross-checked against IBISWorld Landscaping Services in the US Industry Report (2024/2025), https://www.ibisworld.com",1,high-primary,false,2025,
landscaping,commercial,margins,net_margin_pct,2.4,,"BrightView Holdings, Inc. Form 10-K (FY2024), https://www.sec.gov/ix?doc=/Archives/edgar/data/1734713/000173471324000035/bv-20240930.htm",1,high-primary,false,,4
landscaping,commercial,productivity,revenue_per_employee_usd,123000,,"National Association of Landscape Professionals (NALP) 2025 Financial Benchmark Study, https://www.landscapeprofessionals.org/NALP/NALP/Read/Articles/Financial-Benchmark-Report.aspx (cross-checked against U.S. Census Bureau 2022 Economic Census NAICS 561730, https://www.census.gov)",2,med,false,2025,
landscaping,commercial,productivity,gross_profit_per_labor_hour_usd,45,,"Level CFO, 2026 Landscaping Industry Benchmarks, https://www.levelcfo.com/services/landscaping",1,low,false,2026,
landscaping,commercial,retainage_liens,typical_retainage_pct,5,,"Revised Code of Washington (RCW) § 60.28.011, 2024, https://app.leg.wa.gov/rcw/default.aspx?cite=60.28.011",1,low,false,2024,
landscaping,industrial,bad_debt,bad_debt_write_off_pct,0.12,,"EMCOR Group, Inc. Form 10-K for the Fiscal Year Ended December 31, 2024, https://www.sec.gov/ix?doc=/Archives/edgar/data/105634/000010563425000007/eme-20241231.htm",1,adjudicated,false,2024,7
landscaping,industrial,bad_debt,collection_rate_pct,85.1,,Level CFO Contractor Financial Benchmarks (https://levelcfo.com/benchmarks/contractor/),1,low,false,,23
landscaping,industrial,cash_cycle_detail,dso_days,56.6,,"CFMA 2024 Financial Benchmarker, Construction Financial Management Association (2024), https://cfma.org",2,high,false,2024,11
landscaping,industrial,cash_cycle_detail,dpo_days,33,,"CFMA 2022 Construction Financial Benchmarker Executive Summary, Construction Financial Management Association (2022), https://cfma.org",1,low,false,2022,8
landscaping,industrial,cost_structure,labor_pct_of_revenue,34.6,,"Trade Economy Index triangulation: median of 2 independent sources: IBISWorld Industry Report 56173: Landscaping Services in the US (2020) - https://www.ibisworld.com/united-states/market-research-reports/landscaping-services-industry | IBISWorld Industry Report: Landscaping Services in the US (NAICS 561730), 2009, https://www.ibisworld.com/united-states/market-research-reports/landscaping-services-industry",2,high,true,2020,
landscaping,industrial,cost_structure,materials_pct_of_revenue,25.8,,"IBISWorld Industry Report: Landscaping Services in the US (NAICS 561730), 2009, https://www.ibisworld.com/united-states/market-research-reports/landscaping-services-industry",2,med,false,2009,
landscaping,industrial,cost_structure,sga_overhead_pct,17.9,,"BrightView Holdings, Inc. Form 10-K for the Fiscal Year Ended September 30, 2024 - https://www.sec.gov/ix?doc=/Archives/edgar/data/0001734713/000173471324000049/bv-20240930.htm",2,high,false,2024,
landscaping,industrial,demand_drivers,installed_base_units,5900000,,"U.S. Energy Information Administration (EIA), 2018 Commercial Buildings Energy Consumption Survey (CBECS) (published September 2021, revised September 2022), https://www.eia.gov/consumption/commercial/data/2018/bc/pdf/CBECS_2018_Building_Characteristics_Flipbook.pdf",1,high-primary,false,2022,15
landscaping,industrial,margins,gross_margin_pct,23.33,,"BrightView Holdings, Inc. Form 10-K Annual Report (2024), https://www.sec.gov/ix?doc=/Archives/edgar/data/0001734713/000173471324000043/bv-20240930.htm; cross-checked against National Association of Landscape Professionals (NALP) 2025 Industry Benchmark (commercial grounds target range 25.0%-35.0%), https://www.landscapeprofessionals.org",1,high-primary,false,2025,
landscaping,industrial,margins,operating_margin_pct,5.67,,"BrightView Holdings, Inc. Form 10-K Annual Report (2024), https://www.sec.gov/ix?doc=/Archives/edgar/data/0001734713/000173471324000043/bv-20240930.htm; cross-checked against IBISWorld Landscaping Services Industry Report (2025 operating profit margin benchmark range 15.0%-25.0%), https://www.ibisworld.com/united-states/market-research-reports/landscaping-services-industry",1,high-primary,false,2025,
landscaping,industrial,margins,net_margin_pct,2.4,,"BrightView Holdings, Inc. Form 10-K Annual Report (2024), https://www.sec.gov/ix?doc=/Archives/edgar/data/0001734713/000173471324000040/bv-20240930.htm",1,high-primary,false,2024,4
landscaping,industrial,productivity,revenue_per_employee_usd,157000,,"IBISWorld Landscaping Services in the US Market Report (2025), https://www.ibisworld.com/united-states/market-research-reports/landscaping-services-industry",3,med,false,2025,
landscaping,industrial,productivity,billable_utilization_pct,65,,"National Association of Landscape Professionals (NALP) Industry Report (2023), https://www.landscapeprofessionals.org",1,low,false,2023,7
landscaping,industrial,retainage_liens,payment_dispute_pct,82,,CFMA Construction Industry Payment Friction Data (2024) - https://www.cfma.org,1,low,false,2024,
landscaping,industrial,search_interest,yoy_search_change_pct,31,,Marketing LTB (2025),1,low,false,2025,
commercial-cleaning,residential,bad_debt,bad_debt_write_off_pct,4.5,,"Healthcare Services Group, Inc. Annual Report on Form 10-K for the Fiscal Year Ended December 31, 2025, https://www.sec.gov",1,adjudicated,false,2025,
commercial-cleaning,residential,cash_cycle_detail,dso_days,60,,CSIMarket ABM Industries Inc. Accounts Receivable Collection Period Report (2026),2,med,false,2026,
commercial-cleaning,residential,cash_cycle_detail,dpo_days,18.5,,ABM Industries Incorporated 10-K Financial Metrics Analysis Report (2024) - https://thecompoundfamily.com/stock/ABM,2,med,false,2024,
commercial-cleaning,residential,cash_cycle_detail,cash_conversion_cycle_days,52,,Finbox Cash Conversion Cycle Metric for ABM Industries Incorporated (2024) - https://finbox.com/NYSE:ABM/0/cash_conversion_cycle,1,low,false,2024,
commercial-cleaning,residential,cost_structure,labor_pct_of_revenue,68,,"ABM Industries Incorporated 2025 Form 10-K (filed Dec 19, 2025), https://www.sec.gov/ix?doc=/Archives/edgar/data/77149/000007714925000038/abm-20251031.htm",1,high-primary,false,2025,
commercial-cleaning,residential,cost_structure,materials_pct_of_revenue,7.4,,"Healthcare Services Group, Inc. 2024 Form 10-K (filed February 14, 2025, https://www.sec.gov/edgar/browse/?CIK=0000036047) reports Housekeeping supplies as 7.4% of Housekeeping segment revenue.",1,high-primary,false,2025,
commercial-cleaning,residential,cost_structure,sga_overhead_pct,8.02,,"ABM Industries Incorporated Form 10-K (2025), https://www.sec.gov",1,low,false,2025,
commercial-cleaning,residential,demand_drivers,installed_base_units,5900000,,"U.S. Energy Information Administration (EIA), Commercial Buildings Energy Consumption Survey (CBECS), 2018, https://www.eia.gov/consumption/commercial",1,low,false,2018,15
commercial-cleaning,residential,margins,gross_margin_pct,12.4,,"ABM Industries Incorporated Form 10-K (FY 2024, SEC Filing: https://www.sec.gov/ix?doc=/Archives/edgar/data/0000000771/000000077124000035/abm-20241031.htm); cross-checked against small business medians in RMA Annual Statement Studies / Dun & Bradstreet NAICS 561720 reports (40.0%).",2,med,false,2024,
commercial-cleaning,residential,margins,operating_margin_pct,2.54,,"ABM Industries Incorporated Form 10-K (2024), https://www.sec.gov",1,low,false,2024,
commercial-cleaning,residential,productivity,revenue_per_employee_usd,45696,,"U.S. Census Bureau, 2017 Economic Census (NAICS 561720 - Janitorial Services), https://www.census.gov/programs-surveys/economic-census.html",2,adjudicated,false,2017,
commercial-cleaning,residential,productivity,billable_utilization_pct,72.5,,"BizMetrics HQ, Cleaning Business Benchmarks & Labor Efficiency Dashboard (2026), https://bizmetricshq.com",1,low,false,2026,
commercial-cleaning,residential,search_interest,yoy_search_change_pct,100,,"Digital Marketing Company (2022), https://digitalmarketingcompany.com",2,med,false,2022,
commercial-cleaning,commercial,bad_debt,bad_debt_write_off_pct,2.7,,"Healthcare Services Group, Inc. 2024 Form 10-K (https://www.sec.gov/ix?doc=/Archives/edgar/data/312040/000031204025000007/hcsg-20241231.htm) reports bad debt provisions at 2.7% of total revenues ($46.8 million); cross-checked against ABM Industries Incorporated 2024 Form 10-K (https://www.sec.gov/ix?doc=/Archives/edgar/data/771497/000077149724000049/abm-20241031.htm) reporting provision for bad debt at 0.08% of total revenues ($6.7 million provision on $8,302.3 million revenue).",1,low,false,2024,
commercial-cleaning,commercial,cash_cycle_detail,dso_days,61.4,,"ABM Industries Incorporated SEC Form 10-K (2025), https://www.sec.gov/edgar/browse/?CIK=0000077149",2,med,false,2025,
commercial-cleaning,commercial,cash_cycle_detail,dpo_days,19,,"ABM Industries Incorporated SEC Form 10-K (2025), https://www.sec.gov/edgar/browse/?CIK=0000077149",1,low,false,2025,
commercial-cleaning,commercial,cash_cycle_detail,cash_conversion_cycle_days,54.2,,"Trade Economy Index triangulation: median of 2 independent sources: Finbox Cash Conversion Cycle Analysis for Healthcare Services Group, Inc. (2024), https://finbox.com/NASDAQGS:HCSG/explore/ccc | ABM Industries Incorporated SEC Form 10-K (2025), https://www.sec.gov/edgar/browse/?CIK=0000077149",2,low,true,2025,
commercial-cleaning,commercial,cost_structure,labor_pct_of_revenue,68,,ABM Industries Incorporated Form 10-K (2025) - https://www.sec.gov,1,low,false,2025,
commercial-cleaning,commercial,cost_structure,materials_pct_of_revenue,7.4,,"Healthcare Services Group, Inc. Form 10-K (2024) - https://www.sec.gov",1,high-primary,false,2024,
commercial-cleaning,commercial,cost_structure,sga_overhead_pct,10.1,,"Healthcare Services Group, Inc. Form 10-K (2024) - https://www.sec.gov",1,high-primary,false,2024,
commercial-cleaning,commercial,demand_drivers,installed_base_units,5918000,,"U.S. Energy Information Administration (EIA), Commercial Buildings Energy Consumption Survey (CBECS), 2018 (released 2022), https://www.eia.gov/consumption/commercial/data/2018/bc/html/b1.php",1,high-primary,false,2022,
commercial-cleaning,commercial,margins,gross_margin_pct,13.29,,"Healthcare Services Group, Inc. Form 10-K for the Fiscal Year Ended December 31, 2024 (Revenues: $1,715,682 thousand; Costs of services provided: $1,487,592 thousand; Gross Margin: 13.29%). URL: https://www.sec.gov/edgar/browse/?CIK=0000315259",1,high-primary,false,2024,
commercial-cleaning,commercial,margins,net_margin_pct,6.3,,"IBISWorld Market Research Report: Janitorial Services in the US (NAICS 56172), 2024. URL: https://www.ibisworld.com/united-states/market-research-reports/janitorial-services-industry",2,adjudicated,false,2024,
commercial-cleaning,commercial,productivity,revenue_per_employee_usd,69381,,"U.S. Census Bureau, 2022 Statistics of U.S. Businesses (SUSB) / Economic Census, NAICS 561720 Janitorial Services ($74.03B receipts / 1.067M paid employees), https://www.census.gov/programs-surveys/susb.html",2,med,false,2022,
commercial-cleaning,commercial,productivity,billable_utilization_pct,85,,"CleanerHQ Commercial Cleaning Operator Benchmarks, 2026, https://cleanerhq.com",1,low,false,2026,
commercial-cleaning,commercial,retainage_liens,typical_retainage_pct,5,,"CFMA (Construction Financial Management Association), 2022, https://cfma.org",1,low,false,2022,
commercial-cleaning,commercial,search_interest,yoy_search_change_pct,0,,ISSA Canada (2025) - https://issa-canada.com,2,med,false,2025,
commercial-cleaning,commercial,seasonality_econ,revenue_seasonality_amplitude_pct,27.27,,"ServiceMaster Global Holdings, Inc. Form 10-K for the Fiscal Year Ended December 31, 2014",1,low,false,2014,
commercial-cleaning,industrial,bad_debt,bad_debt_write_off_pct,0.08,,"ABM Industries Incorporated SEC Form 10-K for the Fiscal Year Ended October 31, 2025 (https://www.sec.gov/edgar/searchedgar/companysearch)",1,adjudicated,false,2025,
commercial-cleaning,industrial,cash_cycle_detail,dso_days,78,,"Healthcare Services Group, Inc. Q1 2025 Financial Results Press Release (April 23, 2025), https://www.hcsgcorp.com",2,med,false,2025,
commercial-cleaning,industrial,cash_cycle_detail,dpo_days,18.75,,"Trade Economy Index triangulation: median of 2 independent sources: ABM Industries Incorporated 2024 Form 10-K (https://www.sec.gov/ix?doc=/Archives/edgar/data/0000000771/000000077124000038/abm-20241031.htm) cross-checked with Healthcare Services Group, Inc. 2025 Form 10-K via GuruFocus (https://www.gurufocus.com/stock/HCSG/summary) | Healthcare Services Group, Inc. 2023 Form 10-K - https://www.sec.gov/ix?doc=/Archives/edgar/data/60349/000006034924000008/hcsg-20231231.htm",2,high-primary,true,2025,
commercial-cleaning,industrial,cash_cycle_detail,cash_conversion_cycle_days,56,,"Healthcare Services Group, Inc. 2025 Form 10-K via Finbox (https://finbox.com/NASDAQ:HCSG/explorer/cash_conversion_cycle/) cross-checked with ABM Industries Incorporated Financial Reports via Eulerpool (https://eulerpool.com)",3,med,false,2025,
commercial-cleaning,industrial,cost_structure,labor_pct_of_revenue,41.6,,U.S. Census Bureau Statistics of U.S. Businesses (SUSB) (2022),2,adjudicated,false,2022,
commercial-cleaning,industrial,cost_structure,materials_pct_of_revenue,9.9,,"IBISWorld, NAICS 56172 Janitorial Services in the US (2024), https://www.ibisworld.com/united-states/market-research-reports/janitorial-services-industry",2,adjudicated,false,2024,
commercial-cleaning,industrial,cost_structure,sga_overhead_pct,10.4,,"Healthcare Services Group, Inc. 2024 Form 10-K (Selling, general, and administrative expenses at 10.4% of consolidated revenue; https://www.sec.gov/edgar/browse/?CIK=60086). Cross-checked against ABM Industries Incorporated 2024 Form 10-K (SG&A expenses at 10.5% of revenue; https://www.sec.gov/edgar/browse/?CIK=77149) and BSCAI / ISSA Industry Benchmarks (Administrative overhead at 8%-15% for enterprise contractors and 18%-22% for small-to-medium operators; https://www.bscai.org).",2,med,false,2024,
commercial-cleaning,industrial,demand_drivers,installed_base_units,5900000,,"U.S. Energy Information Administration (EIA), 2018 Commercial Buildings Energy Consumption Survey (CBECS) (published 2022), https://www.eia.gov/consumption/commercial",1,high-primary,false,2022,15
commercial-cleaning,industrial,margins,gross_margin_pct,13.9,,"ABM Industries Incorporated Form 10-K for the Fiscal Year Ended October 31, 2023 (https://www.sec.gov/edgar/searchedgar/companysearch)",2,med,false,2023,
commercial-cleaning,industrial,margins,operating_margin_pct,3.6,,"ABM Industries Incorporated Form 10-K for the Fiscal Year Ended October 31, 2023 (https://www.sec.gov/edgar/searchedgar/companysearch)",1,adjudicated,false,2023,
commercial-cleaning,industrial,margins,net_margin_pct,3.1,,"ABM Industries Incorporated Form 10-K for the Fiscal Year Ended October 31, 2023 (https://www.sec.gov/edgar/searchedgar/companysearch)",2,med,false,2023,
commercial-cleaning,industrial,productivity,revenue_per_employee_usd,69381,,"U.S. Census Bureau, 2022 Statistics of U.S. Businesses (SUSB), NAICS 561720 Janitorial Services ($74.03 billion total receipts / 1.067 million paid employees = $69,381 per employee; https://www.census.gov/programs-surveys/susb.html). Cross-checked against IBISWorld Industry Report: Janitorial Services in the US 2023/2024 ($45,000 average revenue per employee across SMB commercial cleaning firms; https://www.ibisworld.com).",1,high-primary,false,2024,
commercial-cleaning,industrial,productivity,billable_utilization_pct,75,,Building Service Contractors Association International (BSCAI) Unit Economics & Production Guidelines (2024; https://www.bscai.org).,1,low,false,2024,5
commercial-cleaning,industrial,retainage_liens,typical_retainage_pct,0,,"Municipal Research and Services Center (MRSC), 2018",1,low,false,2018,
commercial-cleaning,industrial,search_interest,yoy_search_change_pct,0,,"ISSA, 2025, https://www.issa-canada.com",1,low,false,2025,
concrete-masonry,residential,bad_debt,bad_debt_write_off_pct,1,,"Concrete Pumping Holdings, Inc. SEC Form S-4 Amendment No. 4",1,low,false,,
concrete-masonry,residential,bad_debt,collection_rate_pct,85.1,,Construction Financial Management Association (CFMA) 2024 Construction Financial Benchmarker / Level CFO Survey (2024) - https://levelcfo.com/benchmarks/hvac,1,low,false,2024,23
concrete-masonry,residential,cash_cycle_detail,dso_days,56.6,,"CFMA Construction Financial Benchmarker (2024 Edition, Construction Financial Management Association), https://cfma.org",2,med,false,2024,11
concrete-masonry,residential,cash_cycle_detail,dpo_days,43,,"Sterling Infrastructure, Inc. Form 10-K (2025) - https://www.sec.gov/edgar/browse/?CIK=0000858470",1,adjudicated,false,2025,
concrete-masonry,residential,cost_structure,labor_pct_of_revenue,18,,IBISWorld Industry Report 23811: Concrete Contractors in the US (https://www.ibisworld.com/united-states/market-research-reports/concrete-contractors-industry/),2,med,false,,4
concrete-masonry,residential,cost_structure,materials_pct_of_revenue,48.85,,"Trade Economy Index triangulation: median of 2 independent sources: IBISWorld Industry Report 23811: Concrete Contractors in the US (https://www.ibisworld.com/united-states/market-research-reports/concrete-contractors-industry/) | IBISWorld Industry Report, Concrete Contractors in the US (NAICS 23811) / Masonry Contractors in the US (NAICS 23814) Cost Structure Benchmarks, 2024, https://www.ibisworld.com/united-states/market-research-reports/concrete-contractors-industry",2,low,true,2024,
concrete-masonry,residential,cost_structure,sga_overhead_pct,11.8,,"Construction Financial Management Association (CFMA), 2025 Construction Financial Benchmarker Executive Summary, 2024 Data",2,med,false,2025,5
concrete-masonry,residential,demand_drivers,installed_base_units,145344636,,"U.S. Census Bureau, Vintage 2023 Housing Unit Estimates (2024), https://www.census.gov/newsroom/press-kits/2024/subcounty-population-estimates.html",2,med,false,2024,5
concrete-masonry,residential,margins,gross_margin_pct,22.4,,"CFMA 2025 Construction Financial Benchmarker Executive Summary (Specialty Trade Contractors segment, FY 2024)",3,adjudicated,false,2025,9
concrete-masonry,residential,margins,net_margin_pct,7.7,,"CFMA 2025 Construction Financial Benchmarker Executive Summary (Specialty Trade Contractors net income before taxes margin, FY 2024)",3,adjudicated,false,2025,
concrete-masonry,residential,productivity,revenue_per_employee_usd,166558,,"U.S. Census Bureau, 2022 Economic Census (NAICS 238140 Masonry Contractors), https://www.census.gov/programs-surveys/economic-census.html",1,adjudicated,false,2022,
concrete-masonry,residential,productivity,billable_utilization_pct,80,,"Construction Financial Management Association (CFMA) 2024 Construction Financial Benchmarker Report, https://benchmarker.cfma.org",1,low,false,2024,
concrete-masonry,residential,search_interest,yoy_search_change_pct,31,,"Trade Economy Index triangulation: median of 1 independent source: Espy Solutions (2025), 'Twin Cities Concrete Works Performance Overview', https://espysolutions.com",1,low,true,2025,
concrete-masonry,commercial,bad_debt,bad_debt_write_off_pct,1,,"Concrete Pumping Holdings, Inc., SEC Form S-4 Registration Statement, 2019",1,low,false,2019,
concrete-masonry,commercial,bad_debt,collection_rate_pct,77.55,,"Trade Economy Index triangulation: median of 2 independent sources: Level CFO Contractor Benchmarks, 2025, https://levelcfo.com | National Association of Credit Management (NACM) Credit Management Survey / Benchmarks, 2023, https://nacm.org",2,med,true,2025,
concrete-masonry,commercial,cash_cycle_detail,dso_days,60.2,,"Trade Economy Index triangulation: median of 2 independent sources: CFMA 2025 Construction Financial Benchmarker (2025), https://cfma.org/benchmarker | Concrete Pumping Holdings, Inc. Form 10-K for Fiscal Year Ended October 31, 2024, U.S. Securities and Exchange Commission, 2025, https://www.sec.gov/edgar/browse/?CIK=0001703956",2,med,true,2025,
concrete-masonry,commercial,cash_cycle_detail,dpo_days,32.099999999999994,,"Trade Economy Index triangulation: median of 2 independent sources: CFMA 2025 Construction Financial Benchmarker (2025), https://cfma.org/benchmarker | Concrete Pumping Holdings, Inc. Form 10-K for Fiscal Year Ended October 31, 2024, U.S. Securities and Exchange Commission, 2025, https://www.sec.gov/edgar/browse/?CIK=0001703956",2,med,true,2025,
concrete-masonry,commercial,cash_cycle_detail,cash_conversion_cycle_days,27.1,,"CFMA 2025 Construction Financial Benchmarker (2025), https://cfma.org/benchmarker",2,adjudicated,false,2025,
concrete-masonry,commercial,cost_structure,labor_pct_of_revenue,28,,Construction Financial Management Association (CFMA) 2024 Construction Financial Benchmarker Report cross-checked with IBISWorld NAICS 23811 Concrete Contractors in the US Industry Report 2024 (https://www.ibisworld.com/united-states/market-research-reports/concrete-contractors-industry/),2,adjudicated,false,2024,
concrete-masonry,commercial,cost_structure,materials_pct_of_revenue,43.35,,"Trade Economy Index triangulation: median of 2 independent sources: Construction Financial Management Association (CFMA) 2024 Construction Financial Benchmarker Report cross-checked with IBISWorld NAICS 23811 Concrete Contractors Cost Structure Benchmarks 2024 (https://www.ibisworld.com/united-states/market-research-reports/concrete-contractors-industry/) | IBISWorld, Concrete Contractors in the US (Report 23811), 2019, https://www.ibisworld.com/united-states/market-research-reports/concrete-contractors-industry",2,low,true,2024,
concrete-masonry,commercial,cost_structure,sga_overhead_pct,10.8,,"CFMA, Construction Financial Benchmarker Executive Summary, 2024, https://cfma.org/articles/cfma-s-2-24-construction-financial-benchmarker-executive-summary",1,high-primary,false,2024,
concrete-masonry,commercial,demand_drivers,installed_base_units,5900000,,"U.S. Energy Information Administration (EIA), Commercial Buildings Energy Consumption Survey (CBECS), 2018 (released 2022), https://www.eia.gov/consumption/commercial/data/2018",1,high-primary,false,2022,15
concrete-masonry,commercial,margins,gross_margin_pct,22.4,,"Construction Financial Management Association (CFMA) 2025 Construction Financial Benchmarker, https://cfma.org",1,low,false,2025,9
concrete-masonry,commercial,margins,operating_margin_pct,7.1,,"Construction Financial Management Association (CFMA) 2025 Construction Financial Benchmarker, https://cfma.org",2,high,false,2025,14
concrete-masonry,commercial,margins,net_margin_pct,6.9,,"CFMA Construction Financial Benchmarker (2024) - Specialty Trade Contractors pre-tax net profit margin, https://cfma.org/benchmarker",1,low,false,2024,4
concrete-masonry,commercial,productivity,revenue_per_employee_usd,220184,,"U.S. Census Bureau, 2022 Economic Census, Table EC2223BASIC (NAICS 238110 - Poured Concrete Foundation and Structure Contractors), https://www.census.gov/econ",2,med,false,2022,
concrete-masonry,commercial,productivity,billable_utilization_pct,62.5,,Harvest Billable Utilization Rate Industry Benchmarks (2025: ) and Saviom AEC / Construction Industry Benchmarks (2026: ),1,low,false,2026,
concrete-masonry,commercial,search_interest,yoy_search_change_pct,12.5,,CUFinder / HubSpot Industry Data (2026),1,low,false,2026,
concrete-masonry,commercial,seasonality_econ,revenue_seasonality_amplitude_pct,37.5,,"Core Credit Industry Benchmark Analysis, Ready-Mix & Concrete Contracting (2026), https://corecredit.io ; Concrete Pumping Holdings, Inc., FY2023/FY2024 Financial Releases, https://www.concretepumpingholdings.com",1,low,false,2026,
concrete-masonry,industrial,bad_debt,bad_debt_write_off_pct,0.004,,"Concrete Pumping Holdings, Inc., Form 10-K Annual Report for Fiscal Year Ended October 31, 2023 (2024), https://www.sec.gov/ix?doc=/Archives/edgar/data/0001703956/000170395624000004/bbcp-20231031.htm",1,adjudicated,false,2024,
concrete-masonry,industrial,bad_debt,collection_rate_pct,85.1,,"CFMA (Construction Financial Management Association) 2024 Construction Financial Benchmarker, published via Level CFO (2024), https://levelcfo.com/benchmarks/general-contractor",3,high,false,2024,23
concrete-masonry,industrial,cash_cycle_detail,dso_days,55.2,,"CFMA 2025 Construction Financial Benchmarker (Fiscal Year 2024 Data), Construction Financial Management Association, https://cfma.org/benchmarker",1,high-primary,false,2025,
concrete-masonry,industrial,cash_cycle_detail,dpo_days,25.8,,"Concrete Pumping Holdings, Inc. FY2023 Form 10-K, U.S. Securities and Exchange Commission, https://www.sec.gov/edgar/browse/?CIK=0001708422",1,low,false,,
concrete-masonry,industrial,cash_cycle_detail,cash_conversion_cycle_days,44.8,,"Concrete Pumping Holdings, Inc. FY2023 Form 10-K (DSO 56.0 + DIO 14.6 - DPO 25.8), U.S. Securities and Exchange Commission, https://www.sec.gov/edgar/browse/?CIK=0001708422",1,low,false,,
concrete-masonry,industrial,cost_structure,labor_pct_of_revenue,18,,"IBISWorld, Concrete Contractors in the US (NAICS 23811) Cost Structure Benchmarks, 2024, https://www.ibisworld.com/united-states/market-research-reports/concrete-contractors-industry",1,low,false,2024,4
concrete-masonry,industrial,cost_structure,materials_pct_of_revenue,51.7,,"IBISWorld, Concrete Contractors in the US (NAICS 23811) Cost Structure Benchmarks, 2024, https://www.ibisworld.com/united-states/market-research-reports/concrete-contractors-industry",1,low,false,2024,
concrete-masonry,industrial,cost_structure,sga_overhead_pct,11.8,,"Construction Financial Management Association (CFMA), 2024 Construction Financial Benchmarker Executive Summary, 2024, https://cfma.org",1,low,false,2024,5
concrete-masonry,industrial,demand_drivers,installed_base_units,1019000,,"U.S. Energy Information Administration (EIA), 2018 Commercial Buildings Energy Consumption Survey (CBECS), published November 2021, https://www.eia.gov/consumption/commercial",1,low,false,2021,
concrete-masonry,industrial,margins,gross_margin_pct,16.5,,"CFMA Construction Financial Benchmarker (Concrete and Masonry Contractors Benchmark), https://benchmarker.cfma.org",2,adjudicated,false,,
concrete-masonry,industrial,margins,operating_margin_pct,6.2,,"IBISWorld Industry Report 23811: Concrete Contractors in the US, https://www.ibisworld.com/united-states/market-research-reports/concrete-contractors-industry",3,adjudicated,false,,
concrete-masonry,industrial,productivity,revenue_per_employee_usd,220184,,"U.S. Census Bureau, 2022 Economic Census, Table EC2223BASIC (NAICS 238110 - Poured Concrete Foundation and Structure Contractors), 2022, https://data.census.gov",2,adjudicated,false,2022,
fire-life-safety,residential,bad_debt,bad_debt_write_off_pct,1,,"Construction Financial Management Association (CFMA), 2024 Construction Financial Benchmarker, https://cfma.org",2,adjudicated,false,2024,
fire-life-safety,residential,bad_debt,collection_rate_pct,80,,"National Association of Credit Management (NACM) Collection Effectiveness Index Benchmarks (2025), https://nacm.org",2,high,false,2025,
fire-life-safety,residential,cash_cycle_detail,dso_days,56.6,,"CFMA 2024 Construction Financial Benchmarker, Construction Financial Management Association (2024), https://cfma.org/benchmarker",2,med,false,2024,11
fire-life-safety,residential,cash_cycle_detail,dpo_days,35.6,,"CFMA 2024 Construction Financial Benchmarker, Construction Financial Management Association",2,med,false,2024,
fire-life-safety,residential,cash_cycle_detail,cash_conversion_cycle_days,45,,"APi Group Corporation Form 10-K (2024), SEC EDGAR, https://www.sec.gov/edgar/searchedgar/companysearch",1,high-primary,false,2024,4
fire-life-safety,residential,cost_structure,labor_pct_of_revenue,33,,"APi Group Corporation 2024 Investor Presentation & Form 10-K (Year Ended December 31, 2024), https://www.sec.gov/edgar/browse/?CIK=0001792044",1,low,false,2024,
fire-life-safety,residential,cost_structure,materials_pct_of_revenue,22,,"APi Group Corporation 2024 Investor Presentation & Form 10-K (Year Ended December 31, 2024), https://www.sec.gov/edgar/browse/?CIK=0001792044",1,low,false,2024,
fire-life-safety,residential,cost_structure,sga_overhead_pct,24.1,,"APi Group Corporation Form 10-K for the Fiscal Year Ended December 31, 2024, https://www.sec.gov/ix?doc=/Archives/edgar/data/0001796209/000179620925000012/apg-20241231.htm",2,med,false,2024,
fire-life-safety,residential,demand_drivers,installed_base_units,145344636,,"U.S. Census Bureau, Vintage 2023 Housing Unit Estimates (2024)",1,high-primary,false,2024,5
fire-life-safety,residential,margins,gross_margin_pct,31,,"APi Group Corporation Form 10-K for the Fiscal Year Ended December 31, 2024, U.S. Securities and Exchange Commission, https://www.sec.gov/edgar/searchedgar/companysearch",1,high-primary,false,2024,4
fire-life-safety,residential,margins,operating_margin_pct,6.9,,"APi Group Corporation Form 10-K for the Fiscal Year Ended December 31, 2024, U.S. Securities and Exchange Commission, https://www.sec.gov/edgar/searchedgar/companysearch",1,high-primary,false,2024,4
fire-life-safety,residential,margins,net_margin_pct,3.56,,"APi Group Corporation 2024 Form 10-K Annual Report (3.56% net margin, https://www.sec.gov); cross-checked with CFMA 2024 Construction Financial Benchmarker for Specialty Trade Contractors (7.7% pre-tax net income margin, https://cfma.org)",1,high-primary,false,2024,
fire-life-safety,residential,productivity,revenue_per_employee_usd,257243,,"U.S. Census Bureau, 2022 Economic Census, Table EC2223BASIC (NAICS 238210 Electrical Contractors and Other Wiring Installation Contractors), https://data.census.gov",2,adjudicated,false,2022,
fire-life-safety,residential,productivity,billable_utilization_pct,70,,"MSI Data Service Pro Field Service Benchmark Research (Life Safety & Fire Protection Industry), 2023",3,high,false,2023,5
fire-life-safety,residential,retainage_liens,typical_retainage_pct,10,,"CFMA (Construction Financial Management Association), 'How a Construction Retention Payment Affects Ongoing Projects' (2021), https://www.cfma.org",1,med,false,2021,11
fire-life-safety,residential,search_interest,yoy_search_change_pct,25,,"Consumer Technology Association (CTA) / Market Data Forecast (2025), https://www.marketdataforecast.com/market-reports/north-america-fire-protection-systems-market",2,adjudicated,false,2025,
fire-life-safety,commercial,bad_debt,bad_debt_write_off_pct,0.12,,"EMCOR Group, Inc. Form 10-K for the Fiscal Year Ended December 31, 2024, https://www.sec.gov/ix?doc=/Archives/edgar/data/105608/000105608225000008/eme-20241231.htm",1,low,false,2024,7
fire-life-safety,commercial,bad_debt,collection_rate_pct,80,,"National Association of Credit Management (NACM) Commercial Credit Benchmarks & Collection Effectiveness Index (CEI) Guidelines, https://www.nacm.org",1,low,false,,
fire-life-safety,commercial,cash_cycle_detail,dso_days,69,,APi Group Corporation 2023 Form 10-K Annual Report (https://www.sec.gov/edgar/searchedgar/companysearch),1,low,false,2023,
fire-life-safety,commercial,cash_cycle_detail,dpo_days,32.9,,APi Group Corporation 2023 Form 10-K Annual Report (https://www.sec.gov/edgar/searchedgar/companysearch),1,low,false,2023,
fire-life-safety,commercial,cash_cycle_detail,cash_conversion_cycle_days,45.65,,Trade Economy Index triangulation: median of 2 independent sources: APi Group Corporation 2023 Form 10-K Annual Report (https://www.sec.gov/edgar/searchedgar/companysearch) | APi Group Corporation 2024 Form 10-K Annual Report (SEC EDGAR) - https://www.sec.gov/edgar/browse/?CIK=0001708782,2,high-primary,true,2024,
fire-life-safety,commercial,cost_structure,labor_pct_of_revenue,7.2,,Construction Financial Management Association (CFMA) 2025 Financial Benchmarker,2,adjudicated,false,2025,
fire-life-safety,commercial,cost_structure,materials_pct_of_revenue,42.3,,"IMARC Group United States Fire Sprinklers Market Report (Fire Sprinkler Structures and Materials Component), 2025",1,low,false,2025,
fire-life-safety,commercial,cost_structure,sga_overhead_pct,24.14,,"APi Group Corporation Form 10-K for the Fiscal Year Ended December 31, 2024, https://www.sec.gov/ix?doc=/Archives/edgar/data/0001792044/000179204425000008/apg-20241231.htm",2,high,false,2024,
fire-life-safety,commercial,demand_drivers,installed_base_units,5900000,,"U.S. Energy Information Administration (EIA), Commercial Buildings Energy Consumption Survey (CBECS), 2018 (released 2021, revised 2022), https://www.eia.gov/consumption/commercial",1,high-primary,false,2022,15
fire-life-safety,commercial,margins,gross_margin_pct,31,,APi Group Corporation 2024 Form 10-K (https://www.sec.gov/ix?doc=/Archives/edgar/data/0001796209/000179620925000008/apg-20241231.htm) reporting 31.0% gross margin; cross-checked with CFMA 2024 Construction Financial Benchmarker (https://cfma.org) reporting 21.8% to 22.4% gross profit margin for specialty trade contractors.,1,high-primary,false,2024,4
fire-life-safety,commercial,margins,operating_margin_pct,6.9,,"APi Group Corporation 2024 Form 10-K (https://www.sec.gov/ix?doc=/Archives/edgar/data/0001796209/000179620925000008/apg-20241231.htm) reporting $484 million operating income on $7,018 million revenue (6.9% operating margin); Safety Services segment reported a 15.5% segment operating margin.",1,high-primary,false,2024,4
fire-life-safety,commercial,margins,net_margin_pct,3.6,,"APi Group Corporation 2024 Form 10-K (https://www.sec.gov/ix?doc=/Archives/edgar/data/0001796209/000179620925000008/apg-20241231.htm) reporting $250 million net income on $7,018 million revenue (3.6% net margin); cross-checked with CFMA 2024 Construction Financial Benchmarker (https://cfma.org) reporting 6.9% pre-tax net margin for specialty trade contractors.",1,high-primary,false,2024,
fire-life-safety,commercial,productivity,revenue_per_employee_usd,275000,,"Construction Financial Management Association (CFMA) 2024 Financial Benchmarker (Specialty Trade Contractors), https://cfma.org (Cross-checked with SEC 10-K Filings for public commercial mechanical and fire protection contractors Comfort Systems USA, EMCOR Group, and Limbach Facility Services FY2024, https://www.sec.gov)",2,med,false,2024,
fire-life-safety,commercial,productivity,gross_profit_per_labor_hour_usd,105,,"Level CFO / Level Index Commercial Mechanical & Specialty Contractor Productivity Benchmarks (2024), https://levelcfo.com",1,low,false,2024,
fire-life-safety,commercial,productivity,billable_utilization_pct,75,,"TSIA Field Services Benchmark (2025), https://www.tsia.com",1,low,false,2025,5
fire-life-safety,industrial,bad_debt,bad_debt_write_off_pct,0.014,,"APi Group Corporation Form 10-K Annual Report for Fiscal Year Ended December 31, 2023 (Item 7 Net Revenues and Schedule II Valuation and Qualifying Accounts), https://www.sec.gov/ix?doc=/Archives/edgar/data/0001796209/000179620924000012/apg-20231231.htm",1,adjudicated,false,2023,
fire-life-safety,industrial,bad_debt,collection_rate_pct,80.05,,"Trade Economy Index triangulation: median of 2 independent sources: National Association of Credit Management (NACM) Accounts Receivable Benchmarks for Construction, https://nacm.org | Level CFO Contractor Benchmarking Analysis (citing CFMA 2024 Construction Financial Benchmarker), 2024, https://www.levelcfo.com (Cross-checked with National Association of Credit Management (NACM) CEI Benchmarks, https://www.nacm.org)",2,med,true,2024,
fire-life-safety,industrial,cash_cycle_detail,dso_days,72,,"APi Group Corporation FY2025 Form 10-K (2026), https://www.sec.gov",1,high-primary,false,2026,
fire-life-safety,industrial,cash_cycle_detail,dpo_days,35,,"APi Group Corporation FY2025 Form 10-K (2026), https://www.sec.gov",1,high-primary,false,2026,
fire-life-safety,industrial,cash_cycle_detail,cash_conversion_cycle_days,46.3,,APi Group Corporation Form 10-K SEC EDGAR Filing (https://www.sec.gov/edgar/searchedgar/companysearch),1,low,false,,
fire-life-safety,industrial,cost_structure,sga_overhead_pct,24.14,,APi Group Corporation 2024 Form 10-K (https://www.sec.gov/ix?doc=/Archives/edgar/data/1792044/000179204425000010/apg-20241231.htm),1,high-primary,false,2024,
fire-life-safety,industrial,demand_drivers,installed_base_units,5900000,,"U.S. Energy Information Administration (EIA), Commercial Buildings Energy Consumption Survey (CBECS) 2018 (released 2021-2023), https://www.eia.gov/consumption/commercial",1,high-primary,false,2023,15
fire-life-safety,industrial,margins,gross_margin_pct,31,,"APi Group Corporation 2024 Form 10-K, https://www.sec.gov/ix?doc=/Archives/edgar/data/0001796129/000179612925000012/apg-20241231.htm",1,high-primary,false,2024,4
fire-life-safety,industrial,margins,operating_margin_pct,6.9,,"APi Group Corporation 2024 Form 10-K, https://www.sec.gov/ix?doc=/Archives/edgar/data/0001796129/000179612925000012/apg-20241231.htm",1,high-primary,false,2024,4
fire-life-safety,industrial,margins,net_margin_pct,3.6,,"APi Group Corporation 2024 Form 10-K, https://www.sec.gov/ix?doc=/Archives/edgar/data/0001796129/000179612925000012/apg-20241231.htm",1,high-primary,false,2024,
fire-life-safety,industrial,productivity,revenue_per_employee_usd,450086,,"Construction Financial Management Association (CFMA) 2024 Construction Financial Benchmarker, 2024, https://cfma.org",2,adjudicated,false,2024,
fire-life-safety,industrial,productivity,billable_utilization_pct,70,,MSI Data / Service Pro Field Service KPIs for Life Safety & Fire Protection Industry 2023 . Cross-checked against Pulse RevOps Fire Protection Inspector Benchmarks 2026 (70%-78% target; https://www.pulserevops.com) and TSIA Field Services Benchmark Report 2025 (75% industry baseline; https://www.tsia.com).,1,low,false,2026,5
